name,slug,description,assets,facets,optionGroups,optionValues,sku,price,taxCategory,stockOnHand,trackInventory,variantAssets,variantFacets,product:shopifyProductId,variant:shopifyVariantId,variant:compareAtPrice
BRAND NEW Samsung  (NV31T4551SS) 24 Inch Wall Oven with 3.1 cu. ft. Capacity Stainless Steel,brand-new-samsung-nv31t4551ss-24-inch-wall-oven-with-3-1-cu-ft-capacity-stainless-steel,"Description

Features

3.1 Cubic Feet Capacity

Features hidden bake element and adjustable rack positions that can accommodate all your dishes

Touch Controls

Integrated and seamless design that is easy to clean and offers easy access front panel control

Wi-Fi Connectivity

Using Smart Controls via the SmartThings App you can change oven settings, set cooking times, and even change temperature remotely

Catalytic & Steam Clean

Convenience

Sabbath Mode

Proofing

Warming Mode

Delay Start

Kitchen Timer",https://cdn.shopify.com/s/files/1/0622/9449/1190/files/13C11302-4866-4624-8CCA-C1ADA58E4D03.webp?v=1777395743|https://cdn.shopify.com/s/files/1/0622/9449/1190/files/374CE8EB-C9F2-4D1D-AC1F-065637245B10.jpg?v=1777395743|https://cdn.shopify.com/s/files/1/0622/9449/1190/files/BD4EF635-5AE1-4B51-90B1-581973F2CC1F.jpg?v=1777395743|https://cdn.shopify.com/s/files/1/0622/9449/1190/files/C4B986B6-8DD3-4FB6-90DE-497191DCBC4D.jpg?v=1777395743,brand:SAMSUNG|type:OVEN|condition:Brand New|shopify-tag:Brand new|shopify-tag:Oven|shopify-tag:samsung|shopify-tag:SAMSUNG BRAND NEW|collection:SAMSUNG|collection:SAMSUNG BRAND NEW,,,SHOPIFY-8541421010998-45487214198838,449.99,standard,1,true,,,8541421010998,45487214198838,1399.99
Brand New (Whirlpool) Electric Stove (WFE515S0JB),sin-nombre-26mar_14-23,"30 Inch Freestanding Electric Range with FlexHeat™ Dual Radiant Element

With the FlexHeat™ dual radiant element you get two elements in one with a 6"" inner ring that's great for smaller pots and pans and a 9"" expandable outer ring that makes room for larger cookware. Frozen Bake™ technology allows you to skip preheating and cook frozen favorites like pizza and lasagna faster with preprogrammed settings that automatically adjust cooking times for you. Adjustable self-cleaning helps you clean without harsh chemicals or special cleaners by running this high-temperature setting that automatically cleans the oven according to a preprogrammed cycle.

The upswept SpillGuard™ cooktop makes clean up easier with a cooktop that has raised edges to help contain spills. Keep dishes ready to serve while you work on the rest of the meal by using the Keep Warm setting. This setting delivers low heat to the oven to keep prepared dishes from getting cold. Get evenly-baked food with a temperature sensor that monitors oven temperature and adjusts the cooking elements. Closed door broiling maintains the optimal cooking temperature for food while still keeping the kitchen comfortable and cool using this broiling temperature management system that helps prevent overheating.",https://cdn.shopify.com/s/files/1/0622/9449/1190/files/A28C4982-4F1D-4BD9-A3C7-F1333B293C75.jpg?v=1774552021|https://cdn.shopify.com/s/files/1/0622/9449/1190/files/0F3EC361-4C45-42F7-9A96-2FAC3826962C.jpg?v=1774552216,brand:WHIRLPOOL|type:STOVE|condition:Brand New|shopify-tag:Brand new|shopify-tag:stove|shopify-tag:Whirlpool|collection:BRAND NEW|collection:SHOP BY BRAND|collection:STOVES|collection:WHIRLPOOL,,,SHOPIFY-8362055139382-45165426901046,499.99,standard,1,true,,,8362055139382,45165426901046,899.99
Brand New (Whirlpool) Gas Stove (WFG525S0JB),brand-new-whirlpool-gas-stove-wfg525s0jb,"30 Inch Freestanding Gas Range with Frozen Bake™ Technology
Skip preheating and cook frozen favorites like pizza and lasagna faster with Frozen Bake™ - pre-programmed settings that automatically adjust cooking times for you. The SpeedHeat™ burner generates 15,000 BTUs, the high heat needed to sear and boil quickly. This unit also comes equipped with an 8,000 BTU center oval burner that can easily fit large griddles and other longer cookware so they heat evenly on the range top. With the upswept SpillGuard™ cooktop, spills are contained by its raised edges and cleanup is a breeze. If you want to get dinner to the table faster with an easy cleanup, then this unit is for you.",https://cdn.shopify.com/s/files/1/0622/9449/1190/files/FEB31714-74E0-4D71-8D25-52E4433D8D24.jpg?v=1774552613|https://cdn.shopify.com/s/files/1/0622/9449/1190/files/B2B976F8-B8A9-4A4B-877B-28069CAD39BB.jpg?v=1774552613|https://cdn.shopify.com/s/files/1/0622/9449/1190/files/84BF3FE4-B3E6-4DF3-BCE1-ACDCC6C4D59D.jpg?v=1774552613|https://cdn.shopify.com/s/files/1/0622/9449/1190/files/89921FE0-79D1-48A2-811D-9F66F9D34A30.jpg?v=1774552613,brand:WHIRLPOOL|type:STOVE|condition:Brand New|shopify-tag:Brand new|shopify-tag:stove|shopify-tag:Whirlpool|collection:BRAND NEW|collection:SHOP BY BRAND|collection:STOVES|collection:WHIRLPOOL,,,SHOPIFY-8362239426614-45165669875766,499.99,standard,1,true,,,8362239426614,45165669875766,899.99
"BRAND NEW FRIGIDAIRE (FFGC3026SB)
30 Inch Gas Cooktop with 4 Sealed Burners, Continuous Grates, Low Simmer Burner, Control Knobs, Electronic Ignition",brand-new-frigidaire-ffgc3026sb-30-inch-gas-cooktop-with-4-sealed-burners-continuous-grates-low-simmer-burner-control-knobs-electronic-ignition,"Description

30"" Gas Cooktop
Simple and sleek, this 30-inch gas cooktop by Frigidaire features four (4) sealed burners, which makes for easy cleaning in the seamless drop-well surface. On this surface are strong cast iron grates with a black matte finish. Frigidaire's Ready-Select controls make selecting flame settings quick and easy. There's a range of BTU power, from 15,000 for high-octane cooking to 5,000 for low simmering of delicate foods and sauces. Available for you here at AJMadsion.com",https://cdn.shopify.com/s/files/1/0622/9449/1190/files/A0B39F50-30AC-4E71-827C-EFA8D5ADC60B.jpg?v=1767808601|https://cdn.shopify.com/s/files/1/0622/9449/1190/files/DED4C4C7-3F5C-4887-B283-C2F9779FE4BA.jpg?v=1767808601|https://cdn.shopify.com/s/files/1/0622/9449/1190/files/BDE8C0E1-A9E7-47D8-9254-D402B052BD80.jpg?v=1767808601|https://cdn.shopify.com/s/files/1/0622/9449/1190/files/DFA7B8C5-4755-4730-A9F4-887BECC7E303.jpg?v=1767808601,brand:FRIGIDAIRE|type:COOKTOP|condition:Brand New|shopify-tag:Brand new|shopify-tag:Cooktop|shopify-tag:Frigidaire|collection:BRAND NEW|collection:SHOP BY BRAND,,,SHOPIFY-8136275984438-44669050748982,299.99,standard,1,true,,,8136275984438,44669050748982,899.99
"BRAND NEW Samsung (RS22T5201SR)
36 Inch Counter Depth Freestanding Side by Side Smart Refrigerator with 22 Cu. Ft. Total Capacity, Stainless Steel",brand-new-samsung-rs22t5201sr-36-inch-counter-depth-freestanding-side-by-side-smart-refrigerator-with-22-cu-ft-total-capacity-stainless-steel,"Description
36 Inch Counter Depth Freestanding Side by Side Smart Refrigerator with 22 Cu. Ft. Total Capacity

Samsung's 22 cu. ft., Side-by-Side Counter-Depth refrigerator is beautifully designed with a built-in look for a seamless fit. It offers a smooth and streamlined exterior design that features beautiful flat doors, a minimal display dispenser, and easy to open recessed handles that blend beautifully into your cabinetry, adding function and style to your kitchen.",https://cdn.shopify.com/s/files/1/0622/9449/1190/files/6307B51B-90D3-4EF8-8911-4D63D82367EC.jpg?v=1767897336|https://cdn.shopify.com/s/files/1/0622/9449/1190/files/B0EC7565-8A47-4FF8-BB04-69699D016E2A.jpg?v=1767897336|https://cdn.shopify.com/s/files/1/0622/9449/1190/files/D6F94CF6-28A0-46BE-84EB-DBF6E650D8D8.jpg?v=1767897336|https://cdn.shopify.com/s/files/1/0622/9449/1190/files/4ADC8834-CEAD-4D11-BBEC-86BC2231E75C.jpg?v=1767897336|https://cdn.shopify.com/s/files/1/0622/9449/1190/files/2243494A-3FFB-4562-93ED-E5B4EC48C287.jpg?v=1767897336|https://cdn.shopify.com/s/files/1/0622/9449/1190/files/1BA82B95-559B-4495-BF92-FA432623FF6C.jpg?v=1767897336,brand:SAMSUNG|type:FRIDGE|condition:Brand New|shopify-tag:Brand new|shopify-tag:fridge|shopify-tag:SAMSUNG BRAND NEW|collection:BRAND NEW|collection:SAMSUNG BRAND NEW|collection:SHOP BY BRAND,,,SHOPIFY-8138568859702-44673118044214,1099.99,standard,1,true,,,8138568859702,44673118044214,1499.99
BRAND NEW Whirlpool SET  (WSR57R18DM y WSZ57L18DM) 30 Inch Freestanding Upright Freezer with 18.0 cu. ft. Capacity each. Stainless Steel,brand-new-whirlpool-set-wsr57r18dm-y-wsz57l18dm-30-inch-freestanding-upright-freezer-with-18-0-cu-ft-capacity-each-stainless-steel,"Description
30 Inch Freestanding Upright Freezer with 18.0 cu. ft. Capacity

Enjoy the convenience and simplicity of an all-freezer from Whirlpool. Activate fast freeze to rapidly drop the freezer's temperature to its lowest setting helping lock in freshness and flavor. With frost-free defrost you'll never have to empty your freezer for a manual defrost again, saving you time.",https://cdn.shopify.com/s/files/1/0622/9449/1190/files/2C009488-3673-4EC5-8C17-DAC866C11A27.webp?v=1767895903|https://cdn.shopify.com/s/files/1/0622/9449/1190/files/362836DE-2834-4469-807F-BD823188CF61.jpg?v=1767895903|https://cdn.shopify.com/s/files/1/0622/9449/1190/files/81710401-4DA2-47A5-BF17-FC8835FE266E.jpg?v=1767895903|https://cdn.shopify.com/s/files/1/0622/9449/1190/files/2E2F8209-8167-48EA-8D65-EE7AC3FD6C08.jpg?v=1767896178,brand:WHIRLPOOL|type:FRIDGE|condition:Brand New|shopify-tag:Brand new|shopify-tag:Whirlpool|collection:BRAND NEW|collection:SETS|collection:SHOP BY BRAND|collection:WHIRLPOOL,,,SHOPIFY-8138566434870-44673110671414,2300.00,standard,1,true,,,8138566434870,44673110671414,3650.00
"BRAND NEW Whirlpool Sidekicks (WSZ57L18DM)
30 Inch Freestanding Upright Freezer with 18.0 cu. ft. Capacity. Stainless Steel",brand-new-whirlpool-sidekicks-wsz57l18dm-30-inch-freestanding-upright-freezer-with-18-0-cu-ft-capacity-stainless-steel,"Description
30 Inch Freestanding Upright Freezer with 18.0 cu. ft. Capacity

Enjoy the convenience and simplicity of an all-freezer from Whirlpool. Activate fast freeze to rapidly drop the freezer's temperature to its lowest setting helping lock in freshness and flavor. With frost-free defrost you'll never have to empty your freezer for a manual defrost again, saving you time.",https://cdn.shopify.com/s/files/1/0622/9449/1190/files/F9126CA7-0283-461A-8C8F-6E1FAD91F480.jpg?v=1767896162|https://cdn.shopify.com/s/files/1/0622/9449/1190/files/866208D5-99A5-41DB-8A88-B280F4CCED24.jpg?v=1767896162|https://cdn.shopify.com/s/files/1/0622/9449/1190/files/2E2F8209-8167-48EA-8D65-EE7AC3FD6C08.jpg?v=1767896178|https://cdn.shopify.com/s/files/1/0622/9449/1190/files/2C009488-3673-4EC5-8C17-DAC866C11A27.webp?v=1767895903|https://cdn.shopify.com/s/files/1/0622/9449/1190/files/362836DE-2834-4469-807F-BD823188CF61.jpg?v=1767895903,brand:WHIRLPOOL|type:FRIDGE|condition:Brand New|shopify-tag:Brand new|shopify-tag:Whirlpool|collection:BRAND NEW|collection:SHOP BY BRAND|collection:WHIRLPOOL,,,SHOPIFY-8138565779510-44673109983286,1149.99,standard,1,true,,,8138565779510,44673109983286,1749.99
"BRAND NEW Whirlpool (WSR57R18DM)
30 Inch All-Refrigerator with In-Door Pizza Pocket, 18.0 cu. ft. Capacity",brand-new-whirlpool-wsr57r18dm-30-inch-all-refrigerator-with-in-door-pizza-pocket-18-0-cu-ft-capacity,"Description

18.0 cu. ft. All Refrigerator
Enjoy even more space for your fresh food with this large all refrigerator from Whirlpool. With 5 full-width glass shelves you enough room for anything you might need, and with 4 humidity-controlled drawers you can keep fresh fruits and vegetables fresher, longer.",https://cdn.shopify.com/s/files/1/0622/9449/1190/files/0285E1D4-ED90-41E1-831E-D4C97BCA6B28.webp?v=1767895903|https://cdn.shopify.com/s/files/1/0622/9449/1190/files/042B3375-CEAB-41A0-A5B2-30C2DDE150AF.jpg?v=1767895903|https://cdn.shopify.com/s/files/1/0622/9449/1190/files/2C009488-3673-4EC5-8C17-DAC866C11A27.webp?v=1767895903|https://cdn.shopify.com/s/files/1/0622/9449/1190/files/362836DE-2834-4469-807F-BD823188CF61.jpg?v=1767895903|https://cdn.shopify.com/s/files/1/0622/9449/1190/files/81710401-4DA2-47A5-BF17-FC8835FE266E.jpg?v=1767895903,brand:WHIRLPOOL|type:FRIDGE|condition:Brand New|shopify-tag:Brand new|shopify-tag:Whirlpool|collection:BRAND NEW|collection:SHOP BY BRAND|collection:WHIRLPOOL,,,SHOPIFY-8138550280246-44673049165878,1149.99,standard,1,true,,,8138550280246,44673049165878,1799.99
"BRAND NEW LG  (LDFC2423V)
24 Inch Full Console Dishwasher with 15 Place Settings, 52 dBA, 5 Wash Cycles, Nylon Coated Racks, Dynamic Dry™, and ENERGY STAR® Qualified: Stainless Steel Look",brand-new-lg-ldfc2423v-24-inch-full-console-dishwasher-with-15-place-settings-52-dba-5-wash-cycles-nylon-coated-racks-dynamic-dry™-and-energy-star®-qualified-stainless-steel-look,"Description
24 Inch Full Console Dishwasher with 15 Place Setting Capacity

Make cleanup easy with this spacious dishwasher. Fit all the plates, bowls, and stemware in with space for up to 15 place settings of dishes. Enjoy powerful cleaning and leave nothing behind with SenseClean™ Wash System, Dynamic Dry, 5-wash cycles, 6-options, and 3-spray arms. It also includes LG's EasyRack™ Plus system allowing you to change the racks around easily to fit any load. Finally, there's a dishwasher that gets the job done.",https://cdn.shopify.com/s/files/1/0622/9449/1190/files/DBF2A0F7-178D-4326-9613-9C3E1704F89B.jpg?v=1767894126|https://cdn.shopify.com/s/files/1/0622/9449/1190/files/457F20D2-78E2-476F-B525-57B376EAA318.jpg?v=1767894126|https://cdn.shopify.com/s/files/1/0622/9449/1190/files/B390BA6C-71D5-41C5-9832-378B26AAD57B.jpg?v=1767894126|https://cdn.shopify.com/s/files/1/0622/9449/1190/files/48B91E35-6A73-498F-8F36-C68AA4B85D7E.jpg?v=1767894126,brand:LG|type:DISHWASHER|condition:Brand New|shopify-tag:Brand new|shopify-tag:Dishwasher|shopify-tag:lg|shopify-tag:LG BRAND NEW|collection:BRAND NEW|collection:LG|collection:LG BRAND NEW|collection:SHOP BY BRAND,,,SHOPIFY-8138548084790-44673036779574,479.99,standard,1,true,,,8138548084790,44673036779574,649.99
BRAND NEW SAMSUNG WASHER TOP LOAD (WHITE) (WA45T3200AW) HIGH EFFICIENCY,brand-new-samsung-washer-top-load-white-wa45t3200aw-high-efficiency,"Description

27 Inch Top Load Washer with 4.5 cu. ft. Capacity
Laundry day has never been effortless with Samsung's 4.5 cu. ft. capacity top load washer with Active WaterJet. Reduce the number of loads with its large capacity tub. Its Diamond Drum Interior is proven to provide a gentler clean, with tests showing that washing-related damages were reduced by up to 34% when compared to conventional washing machine drums. Its vibration reduction technology allows for quiet washing, making it a perfect choice for small homes with multi-purpose spaces. Remove the need to flip through your manual whenever you need to troubleshoot your washing machine with the Smart Care feature, which makes diagnosis and troubleshooting as easy as flashing your smartphone's camera on the error code flashing on the LED screen. This washer also comes with a Self Clean cycle for easier maintenance. Do more with Samsung's innovative washer.",https://cdn.shopify.com/s/files/1/0622/9449/1190/files/F0A4892A-1574-4356-A2B1-BF41F907EF2D.jpg?v=1767807720|https://cdn.shopify.com/s/files/1/0622/9449/1190/files/FFEA76E5-2B2B-4D3B-84F9-2496D62EE992.jpg?v=1767807720|https://cdn.shopify.com/s/files/1/0622/9449/1190/files/21C08E5F-9DAD-436B-B8FF-D367C858847C.jpg?v=1767807720|https://cdn.shopify.com/s/files/1/0622/9449/1190/files/EDA5F667-BD70-4501-BA7B-D42E07DBE79F.jpg?v=1767807720|https://cdn.shopify.com/s/files/1/0622/9449/1190/files/761D5FFE-CE47-4B5B-9039-500A5A55C5E0.jpg?v=1767807720|https://cdn.shopify.com/s/files/1/0622/9449/1190/files/CDF85EC1-3DD5-4EF4-ADA4-2F0C4EFDBCAB.jpg?v=1767807720|https://cdn.shopify.com/s/files/1/0622/9449/1190/files/ED1903B9-DE9C-4C2E-8035-DAC5C93913C9.jpg?v=1767807720|https://cdn.shopify.com/s/files/1/0622/9449/1190/files/3B1DF947-F390-40C1-A69A-FC56DBAEB746.jpg?v=1767807667,brand:SAMSUNG|type:WASHER|condition:Brand New|shopify-tag:Brand new|shopify-tag:SAMSUNG BRAND NEW|shopify-tag:Washer|collection:BRAND NEW|collection:SAMSUNG BRAND NEW|collection:SHOP BY BRAND|collection:Washer,Color,Blanco,SHOPIFY-8136257208374-44669017260086,550.00,standard,1,true,,,8136257208374,44669017260086,750.00
"BRAND NEW Samsung  (NV51K6650SS) 30 Inch Wall Oven with 5.1 cu. ft. Capacity, Steam Cook, Convection, Rapid Preheat, Electronic Touch Display, Wi-Fi Enabled Temperature Probe and Sabbath Mode: Stainless Steel",brand-new-samsung-nv51k6650ss-30-inch-wall-oven-with-5-1-cu-ft-capacity-steam-cook-convection-rapid-preheat-electronic-touch-display-wi-fi-enabled-temperature-probe-and-sabbath-mode-stainless-steel,"Description
This wall oven from Samsung uses the power of steam and convection cooking technology to guarantee delicious results, every time. Steam cooking delivers a crisp, browned outside and a tender inside on every roast, while dual convection technology circulates hot air for even and efficient cooking results. With a Wi-Fi connected temperature probe, you can monitor your cooking progress right from your smartphone without getting off the couch. When dinner is finished, Samsung's Hybrid Self-Clean system uses steam to clean up the mess, delivering better performance and less odor than traditional self-clean cycles. Bake, broil and roast to perfection with this dazzling new selection from Samsung.

Samsung is guided by a singular vision: to lead the digital convergence movement. They believe that through technology innovation today, they will find the solutions they need to address the challenges of tomorrow. From technology, comes opportunity - for businesses to grow, for citizens in emerging markets to prosper by tapping into the digital economy, and for people to invent new possibilities. It's their aim to develop innovative technologies and efficient processes that create new markets, enrich people's lives and continue to make Samsung a trusted market leader.",https://cdn.shopify.com/s/files/1/0622/9449/1190/files/54938BA6-0BDD-4392-B40D-904CA3A85FB1.jpg?v=1767120903|https://cdn.shopify.com/s/files/1/0622/9449/1190/files/56E0A2AC-3D97-43F6-9E47-A9C60597021E.jpg?v=1767120903|https://cdn.shopify.com/s/files/1/0622/9449/1190/files/6D384980-8ACD-4565-9B82-1DEC77D5A62A.jpg?v=1767120903|https://cdn.shopify.com/s/files/1/0622/9449/1190/files/A4F8B69A-ABFE-482A-B070-3D6A32AECF28.jpg?v=1767120903|https://cdn.shopify.com/s/files/1/0622/9449/1190/files/485BC645-D69F-467A-876B-C7DA4D09CD40.jpg?v=1767120903|https://cdn.shopify.com/s/files/1/0622/9449/1190/files/1A861D67-7205-41A9-8139-80D64C51E8C9.jpg?v=1767120903,brand:SAMSUNG|type:OVEN|condition:Brand New|shopify-tag:Brand new|shopify-tag:Oven|shopify-tag:samsung|shopify-tag:SAMSUNG BRAND NEW|collection:SAMSUNG|collection:SAMSUNG BRAND NEW,,,SHOPIFY-8126481530934-44643451437110,799.99,standard,1,true,,,8126481530934,44643451437110,2399.99
"BRAND NEW Samsung FRIDGE (RS28CB7600QL)
36 Inch Freestanding Side by Side Smart Refrigerator with 28 cu. ft. Capacity,Beverage Center, Dual Ice Maker, Auto Open Door, Internal Water Dispenser",brande-new-samsung-fridge-rs28cb7600ql-36-inch-freestanding-side-by-side-smart-refrigerator-with-28-cu-ft-capacity-beverage-center-dual-ice-maker-auto-open-door-internal-water-dispenser,"Description
36 Inch Freestanding Side by Side Smart Refrigerator

Samsung's large capacity Side-by-Side Refrigerator with Beverage Center is beautifully designed with a modern look that blends seamlessly into your kitchen and a finish that withstands everyday smudges. The built-in smart connectivity provides temperature controls and monitoring directly from your phone. The fingerprint-resistant finish adds to the beautiful design and the sleek built-in look is sure to be a great fit in any kitchen. All-Around Cooling provides strategic ventilation that efficiently cools all areas of the refrigerator. Bright LED lighting and ADA Compliant controls help make the entire unit easily accessible for everyone.",https://cdn.shopify.com/s/files/1/0622/9449/1190/files/7C730BF1-98E6-405C-97BA-86B06624D411.jpg?v=1767115500|https://cdn.shopify.com/s/files/1/0622/9449/1190/files/985EA90D-7778-4123-A23A-D3A2FCE2BFB4.jpg?v=1767115500|https://cdn.shopify.com/s/files/1/0622/9449/1190/files/37A087E2-3B17-4E5D-B320-638FFE410F44.jpg?v=1767115500|https://cdn.shopify.com/s/files/1/0622/9449/1190/files/C46AED0D-686B-4888-B428-F0356D1A377B.jpg?v=1767115500|https://cdn.shopify.com/s/files/1/0622/9449/1190/files/F5D11EE8-088C-40E5-944F-04F3C41D1311.png?v=1767115500|https://cdn.shopify.com/s/files/1/0622/9449/1190/files/6B6F010B-D4FB-44AE-8984-7FDB0C072949.jpg?v=1767115500,brand:SAMSUNG|type:FRIDGE|condition:Brand New|shopify-tag:Brand new|shopify-tag:frezzer|shopify-tag:fridge|shopify-tag:samsung|shopify-tag:SAMSUNG BRAND NEW|collection:BRAND NEW|collection:FRIDGE|collection:SAMSUNG|collection:SAMSUNG BRAND NEW|collection:SHOP BY BRAND,,,SHOPIFY-8126466129974-44643412639798,1199.99,standard,1,true,,,8126466129974,44643412639798,1799.99
BRAND NEW SAMSUNG FRIDGE (RF29A9071SR) 29 cu. ft. Smart 4-Door Flex™ Refrigerator with AutoFill Water Pitcher and Dual Ice Maker,open-box-fridge-rf29a9071sr-29-cu-ft-smart-4-door-flex™-refrigerator-with-autofill-water-pitcher-and-dual-ice-maker,"Signature Features

AutoFill Water Pitcher
A built-in pitcher that automatically refills with filtered water
and the option to infuse with a flavor of your choice.

Dual Ice Maker with Ice Bites
The Dual Ice Maker produces two types of ice per day: cubed ice
and Ice Bites, smaller nugget ice that chills your drink faster.
Makes up to 6 lbs per day, stores up to 9 lbs total.

FlexZone™
Versatile, lower-right storage that can convert from fridge to freezer
temperatures. With five customizable temperature settings, it offers
superior flexibility to meet your family’s food storage needs.

Total Capacity: 29.2 cu. ft.

 Refrigerator: 17.6 cu. ft.
  4 Tempered Glass Spill-Proof Shelves
  2 Clear Drawers: FlexCrisper and Crisper+
  6 Door Bins
 Right: 1 Gallon Bin, 2 Regular Bins
 Left: 1 Gallon Bin, 2 Regular Bins
 

 LED Lighting

 Freezer: 11.6 cu. ft.
  Dual Ice Maker in Freezer (Cubed Ice or Ice Bites) 
2 Ice Buckets with Cover and 1 Scoop
  3 Slide-Out Shelves
6 Door Bins

 Accessories
 Water Filter: HAF-QIN",https://cdn.shopify.com/s/files/1/0622/9449/1190/files/47C6F2E6-42B8-43CE-BC48-594297D1A70F.jpg?v=1767114456|https://cdn.shopify.com/s/files/1/0622/9449/1190/files/3_4aff1bdb-13c1-46db-b966-807e55fb4b90.jpg?v=1767114456|https://cdn.shopify.com/s/files/1/0622/9449/1190/files/5_88fd824f-f0ff-46de-b00f-abcbde503780.jpg?v=1767114456|https://cdn.shopify.com/s/files/1/0622/9449/1190/files/6_964341a7-89cc-4b73-8c3e-f272b6e8390e.jpg?v=1767114456|https://cdn.shopify.com/s/files/1/0622/9449/1190/files/7_1b4a8de2-adc1-47b0-abf3-cc6c72b117c0.jpg?v=1767114456|https://cdn.shopify.com/s/files/1/0622/9449/1190/files/4_f5818b4f-866b-4b2d-8cf0-e0e2a7c2d517.jpg?v=1767114456,brand:SAMSUNG|type:FRIDGE|condition:Brand New|shopify-tag:Brand new|shopify-tag:frezzer|shopify-tag:fridge|shopify-tag:samsung|shopify-tag:SAMSUNG BRAND NEW|collection:BRAND NEW|collection:FRIDGE|collection:SAMSUNG|collection:SAMSUNG BRAND NEW|collection:SHOP BY BRAND,,,FR-OP-SA-ST16,1299.99,standard,1,true,,,7678225252406,43118776451126,2399.99
BRAND NEW SAMSUNG FRIDGE (RF24BB6900AC) - BESPOKE 24 cu. ft. French  Door Counter Depth Smart Refrigerator  with Family Hub - Custom Panel Ready,fridge-rf24bb6900ac-aa-samsung-bespoke-24-cu-ft-french-door-counter-depth-smart-refrigerator-with-family-hub-custom-panel-ready,"Signature Features

 Customizable Door Colors

 Customize the design of your refrigerator with changeable door panels. 
Choose from a variety of colors and two finishes to create a space that  
fits your style

 Family Hub™

 Samsung’s Family Hub™ refrigerator helps you connect to what’s most 
important: your family and home. Family Hub™ lets you see inside your 
refrigerator, manage your family’s calendars, stream music, see who’s  
at the front door and much more, all right from your fridge.

 Beverage Center™

 Quick access to refreshingly cool, filtered water two ways. Choose from  
an internal dispenser or a built-in pitcher that automatically refills, with  
the option to infuse with a flavor.

 Dual Ice Maker with Ice Bites

 Enjoy your favorite beverage with your choice of ice. Select from cubed ice  
or Ice Bites that chill your drink faster. Makes up to 5.3 lbs per day, stores up  
to 7.3 lbs total.

Design
 • Customizable Door Colors
 • Modern Design
 • Recessed Handle

Technology
 •  Family Hub™
 •Beverage Center™
 •  Wi-Fi Enabled  

Performance
 •  Dual Ice Maker with Ice Bites
 •  24 cu. ft. Capacity 
• Twin Cooling Plus

 

 Total Capacity: 23.6 cu. ft.
 Refrigerator: 16.8 cu. ft.
 • 4 Tempered Glass Spill-Proof Shelves
 • 2 Clear Drawers, Including Crisper+
 • 2 Large Pantry Drawers
 • 8 Door Bins
 Right: 1 Gallon Bin, 3 Regular Bins
 Left: 4 Regular Bins
 • Surface Lighting

 Freezer: 6.8 cu. ft.
 • Dual Ice Maker in Freezer (Cubed Ice AND Ice Bites)
 • Ice Bucket with Cover and 1 Scoop
 • Produces up to 5.3 lbs ice/day, stores up to 7.3 lbs 
• High Efficiency LED Lighting

 Accessories
 Water Filter: HAF-QIN

 Product Dimensions
 Dimensions (WxHxD with hinges and doors): 
353/4"" x 70"" x 283/4""
 Dimensions (WxHxD without hinges and door): 
353/4"" x 687/8"" x 24""

 Shipping Dimensions (WxHxD)
 Dimensions: 381/4"" x 753/4"" x 305/8""",https://cdn.shopify.com/s/files/1/0622/9449/1190/files/2_c426826d-39f3-44dd-aca6-400dc1c08774.jpg?v=1725836221|https://cdn.shopify.com/s/files/1/0622/9449/1190/files/4_1d5dd12f-bb19-4813-8f33-3efd27218c90.jpg?v=1725836221|https://cdn.shopify.com/s/files/1/0622/9449/1190/files/6_a192f8f4-e373-4cd7-a18b-e966273dee55.jpg?v=1725836221|https://cdn.shopify.com/s/files/1/0622/9449/1190/files/3_76269652-a39a-4bb4-b842-7f0dc54b551c.jpg?v=1725836222|https://cdn.shopify.com/s/files/1/0622/9449/1190/files/7_6b8ec4ff-06f8-4dca-b5db-fe50d6e5a492.jpg?v=1725836222|https://cdn.shopify.com/s/files/1/0622/9449/1190/files/9_580dd379-1677-4e95-8d92-19a16f005759.jpg?v=1725836222|https://cdn.shopify.com/s/files/1/0622/9449/1190/files/Charcoal_Glass.png?v=1725836149|https://cdn.shopify.com/s/files/1/0622/9449/1190/files/10_6e61447f-7f27-43f0-930b-a453b2a71cb3.jpg?v=1726529145|https://cdn.shopify.com/s/files/1/0622/9449/1190/files/11_962370fd-775f-4a25-9746-64748652928d.jpg?v=1726529145,brand:SAMSUNG|type:FRIDGE|condition:Brand New|shopify-tag:frezzer|shopify-tag:samsung|shopify-tag:SAMSUNG BRAND NEW|collection:BRAND NEW|collection:FRIDGE|collection:SAMSUNG|collection:SAMSUNG BRAND NEW,Color,Charcoal Glass,FR-BR-SA-CH97,1899.99,standard,1,true,https://cdn.shopify.com/s/files/1/0622/9449/1190/files/2_c426826d-39f3-44dd-aca6-400dc1c08774.jpg?v=1725836221,,7656102821942,43034429489206,3352.99
"BRAND NEW SAMSUNG COOKTOP  (NZ30K6330RS) 30"" Electric Cooktop with 5 Radiant  Heating Elements",cooktop-nz30k6330rs-aa-30-inch-electric-cooktop-with-5-radiant-heating-elements-rapid-boil-sync-burners-dishwasher-safe-blue-led-knobs-hot-surface-indicator-and-wi-fi-connectivity,"Features

 •  WiFi Connectivity
 •   Flexible Cooktop: - Rapid Boil™ Burner (3.3 kW) - Two Dual Burners (9""/6"" and 8""/5"") - Two Single Burners (7"")
 •  9.5 kW Total Power

 Convenience

 •   Hot Surface Indicator Light
 •   Easy-To-Clean Glass, Ceramic Cooktop
 •   Dishwasher-Safe Knobs

Signature Features 

Rapid BoIl™
 •  Up to 3.3 kW power burner offers intense heat and precise control  
to quickly boil water or maintain a low even simmer. 

Flexible Cooktop
 •  Whether you're boiling water, melting chocolate or simmering sauce,  
there's a burner for your needs

 LED Illuminated Backlit Knobs
 •  Visually lets you know your cooktop is on, even at a distance.

Total Power
 9.5 kW

 Power Source
 240V/60Hz/45 amps

 Electric Cooktop
 •  Left Front: 7"", 1.5 kW
 •  Left Rear: 7"", 1.5 kW
 •  Right Front: 8""/5"", 2 kW
 •  Right Rear: 6"", 1.2 kW (melt)
 •  Center: 9""/6"", 3.3 kW (Simmer to Rapid Boil™)

 Product Dimensions & Weight (WxHxD)

 outside (max) Cooktop Dimensions: 
30"" x 51/16"" x 211/4""  

 Cooktop Cut-out Dimensions: 
281/2"" x 51/16"" x 195/8"" 

Weight: 35.7 lbs.

Shipping Dimensions & Weight (WxHxD)

 Dimensions: 
343/16"" x 81/2"" x 251/16"" 

Weight: 48.5 lbs.",https://cdn.shopify.com/s/files/1/0622/9449/1190/files/1_7a9a8847-f7e0-434c-9b9c-07b7a9941321.webp?v=1725842023|https://cdn.shopify.com/s/files/1/0622/9449/1190/files/2_f4e0881c-c497-4b95-9fb1-9b2d22046ceb.webp?v=1725842023|https://cdn.shopify.com/s/files/1/0622/9449/1190/files/3_b204bfaf-028b-4c54-82ab-32dba4c0af5a.webp?v=1725842023|https://cdn.shopify.com/s/files/1/0622/9449/1190/files/4_636b19a1-b23c-44c7-80c1-e47ab13a7994.webp?v=1725842023|https://cdn.shopify.com/s/files/1/0622/9449/1190/files/8_e78f17e0-8932-40bc-bc78-b44ffe7e2a2c.webp?v=1725842033|https://cdn.shopify.com/s/files/1/0622/9449/1190/files/1_f52d5eda-2bae-494f-a4ac-7e8e03775b62.jpg?v=1725842039|https://cdn.shopify.com/s/files/1/0622/9449/1190/files/STAINLEES_STEEL_5522a5bb-67aa-4721-9eb7-910fd010aef8.jpg?v=1767027507,brand:SAMSUNG|type:COOKTOP|condition:Brand New|shopify-tag:samsung|shopify-tag:SAMSUNG BRAND NEW|collection:BRAND NEW|collection:SAMSUNG|collection:SAMSUNG BRAND NEW,Color|Size,"Stainless Steel|30""",CO-BR-SA-ST29,750.00,standard,1,true,https://cdn.shopify.com/s/files/1/0622/9449/1190/files/1_7a9a8847-f7e0-434c-9b9c-07b7a9941321.webp?v=1725842023,,7656110522422,43034479624246,1199.99
"BRAND NEW (NZ30A3060UK) Samsung - 30"" Smart Induction Cooktop with Wi-Fi - Black",brand-new-nz30a3060uk-samsung-30-smart-induction-cooktop-with-wi-fi-black,"Description
30 Inch Induction Cooktop with 4 Induction Elements

Prepare meals quickly and easily with this Samsung Induction Cooktop. Enjoy the comfort of an easy-to-clean ceramic glass cooktop with accurate digital touch controls for faster cleanup and greater flexibility. Four induction zones, a Pan Presence & Size Sensor, a Kitchen Timer, and a Hot Surface/Residual Heat Indicator round out the features that make this cooktop a versatile addition to your kitchen.",https://cdn.shopify.com/s/files/1/0622/9449/1190/files/9EE17E6B-C2DA-46A8-B0E3-9E3766367373.jpg?v=1767113193|https://cdn.shopify.com/s/files/1/0622/9449/1190/files/4556C80D-D46F-44B3-A771-7993FA7AACE4.jpg?v=1767113193|https://cdn.shopify.com/s/files/1/0622/9449/1190/files/19D73D6B-8F28-431A-8F5D-180A4B55F54B.jpg?v=1767113193|https://cdn.shopify.com/s/files/1/0622/9449/1190/files/8EA5D6BB-920C-49AB-BCA3-1670C5645F7E.jpg?v=1767113193,brand:SAMSUNG|type:COOKTOP|condition:Brand New|shopify-tag:Brand new|shopify-tag:Cooktop|shopify-tag:samsung|shopify-tag:SAMSUNG BRAND NEW|collection:BRAND NEW|collection:SAMSUNG|collection:SAMSUNG BRAND NEW|collection:SHOP BY BRAND,Material de la superficie del tope,Ceramic,SHOPIFY-8126455971894-44643381116982,649.99,standard,1,true,,,8126455971894,44643381116982,1199.99
"BRAND NEW SAMSUNG HOOD (NK36CB600W12AA) 36"" Bespoke Smart Wall Mount  Hood in Clean White",brand-new-samsung-hood-nk36cb600w12aa-36-bespoke-smart-wall-mount-hood-in-clean-white,"36 Inch Smart wall Mount Chimney Range Hood with 630 CFM Fan

Samsung's stunning wall mount hood delivers powerful ventilation, with minimal noise. Conveniently sync the hood with your cooktop via the SmartThings app to make cooking in the kitchen a little easier. A Bespoke panel on the front of the hood enables you to match, complement, or contrast other appliances in your kitchen - the choice is yours.",https://cdn.shopify.com/s/files/1/0622/9449/1190/files/1_a881defd-c0ce-465e-aaec-d88f00ca092b.webp?v=1725840309|https://cdn.shopify.com/s/files/1/0622/9449/1190/files/4_ca3c66d3-d626-4069-a3fa-0c58c76b0a3a.jpg?v=1767112067|https://cdn.shopify.com/s/files/1/0622/9449/1190/files/IMG-0547.jpg?v=1767112067|https://cdn.shopify.com/s/files/1/0622/9449/1190/files/2_628c8cab-175b-4e66-ab53-2378c85ac885.webp?v=1767112067|https://cdn.shopify.com/s/files/1/0622/9449/1190/files/3_b2a76d93-3f7f-4513-809b-71f4723b3b39.webp?v=1767112067|https://cdn.shopify.com/s/files/1/0622/9449/1190/files/4_26a4859e-fcda-4be4-8db4-a7852af5e36b.webp?v=1767112067|https://cdn.shopify.com/s/files/1/0622/9449/1190/files/5_62f68343-6eea-4070-bc2d-a4546671929e.webp?v=1767112067|https://cdn.shopify.com/s/files/1/0622/9449/1190/files/6_e61e63a1-8a79-477c-8b21-f1399277a572.webp?v=1767112067|https://cdn.shopify.com/s/files/1/0622/9449/1190/files/7_e2408bde-752e-41ee-a5af-d83d35ed5f45.webp?v=1767112067|https://cdn.shopify.com/s/files/1/0622/9449/1190/files/3_bd45b3fc-a9b9-4a91-9147-79e8914f8e93.jpg?v=1767112067|https://cdn.shopify.com/s/files/1/0622/9449/1190/files/WHITE_STAINLESS_STEEL.jpg?v=1767112067,brand:SAMSUNG|type:HOOD|condition:Brand New|shopify-tag:samsung|shopify-tag:SAMSUNG BRAND NEW|collection:BRAND NEW|collection:SAMSUNG|collection:SAMSUNG BRAND NEW,Color,White Stainless Steel,SHOPIFY-8126447190070-44643362308150,649.99,standard,1,true,https://cdn.shopify.com/s/files/1/0622/9449/1190/files/1_a881defd-c0ce-465e-aaec-d88f00ca092b.webp?v=1725840309,,8126447190070,44643362308150,949.99
"BRAND NEW SAMSUNG HOOD (NK30CB600W12AA) 30"" Bespoke Smart Wall Mount  Hood in Clean White",hood-nk30cb600w12aa-samsung-30-bespoke-smart-wall-mount-hood-in-clean-white,"Signature Features

 Powerful Performance and Low Noise
 •  Powerful 630 CFM* ventilation circulates air to remove odors  
quickly, operating at 7.5 sones on Boost fan speed setting.
 * When using Boost mode. Hood arrives pre-programmed to 390 CFM. 

LED Bar Light 
•  Illuminate your cooktop with dimmable LED lighting.

 Wi-Fi Connectivity
 •  Control your hood  by smartphone through the SmartThings App.  
Once your cooktop burner is powered on, the hood turns on.*

 * Compatible when connected with Wi-Fi enabled built-in cooktops and ranges.  
Available when it is set using the ""Automations"" option in the SmartThings App! *

 

 Features

 •   52 dBA (1.0 Sone) in low mode / 71 dBA  
(7.5 Sones) in Boost Mode
 •   4 Fan Speeds, Including Booster
 •   LED Display/ Touch Controls
 •   Wall-Mount Chimney-Style Hood
 •   Exterior Venting & Recirculating Capabilities
 •   Optional Recirculation Kit Available
 •   Optional Extension Kit Available
  •   Optional Recirculation Filter Available

Convenience

 •  LED Bar Lighting
 •  Easy-to-Clean Baffle Filters
 ADA Compliant ADA

 

 Total Power
 210W

 Power Source
 120V / 60 Hz / 15A

 Range Hood
 • 30"" Wall-Mount Chimney-Style Hood
 • Vent Fan: 630 CFM (Hood arrives pre-programmed to 390 CFM) 
•  52 dBA (1.0 Sone) in Low Mode / 71 dBA 
(7.5 Sones) in Boost Mode
 • 4 Fan Speeds, Including Booster
 • LED Display/ Touch Controls
 •  Mobile Monitoring: Fan Speed,  
Lighting On/Off, Power Control
 •  Voice Control: Bixby/Google Assistant/Amazon Alexa
 • Removable Baffle Filters (Dishwasher safe)
 • LED Bar Lighting

Product Dimensions & Weight (WxHxD)
 Outside (Max) Hood Dimensions: 
297/16"" x 257/16"" x 1911/16""
 Weight: 33.3 lbs

 Shipping Dimensions & Weight (WxHxD)
 Dimensions: 
333/16"" x 2525/32"" x 1911/16""  
Weight: 57.1 lbs",https://cdn.shopify.com/s/files/1/0622/9449/1190/files/1_a881defd-c0ce-465e-aaec-d88f00ca092b.webp?v=1725840309|https://cdn.shopify.com/s/files/1/0622/9449/1190/files/2_628c8cab-175b-4e66-ab53-2378c85ac885.webp?v=1767112067|https://cdn.shopify.com/s/files/1/0622/9449/1190/files/3_b2a76d93-3f7f-4513-809b-71f4723b3b39.webp?v=1767112067|https://cdn.shopify.com/s/files/1/0622/9449/1190/files/4_26a4859e-fcda-4be4-8db4-a7852af5e36b.webp?v=1767112067|https://cdn.shopify.com/s/files/1/0622/9449/1190/files/5_62f68343-6eea-4070-bc2d-a4546671929e.webp?v=1767112067|https://cdn.shopify.com/s/files/1/0622/9449/1190/files/6_e61e63a1-8a79-477c-8b21-f1399277a572.webp?v=1767112067|https://cdn.shopify.com/s/files/1/0622/9449/1190/files/7_e2408bde-752e-41ee-a5af-d83d35ed5f45.webp?v=1767112067|https://cdn.shopify.com/s/files/1/0622/9449/1190/files/3_bd45b3fc-a9b9-4a91-9147-79e8914f8e93.jpg?v=1767112067|https://cdn.shopify.com/s/files/1/0622/9449/1190/files/4_ca3c66d3-d626-4069-a3fa-0c58c76b0a3a.jpg?v=1767112067|https://cdn.shopify.com/s/files/1/0622/9449/1190/files/WHITE_STAINLESS_STEEL.jpg?v=1767112067,brand:SAMSUNG|type:HOOD|condition:Brand New|shopify-tag:samsung|shopify-tag:SAMSUNG BRAND NEW|collection:BRAND NEW|collection:SAMSUNG|collection:SAMSUNG BRAND NEW,Color,White Stainless Steel,HO-BR-SA-WH71,549.99,standard,1,true,https://cdn.shopify.com/s/files/1/0622/9449/1190/files/1_a881defd-c0ce-465e-aaec-d88f00ca092b.webp?v=1725840309,,7656108097590,43034460291126,799.99
"BRAND NEW Bosch 800 Series  (NET8668UC)
36 Inch Electric Cooktop with 5 Smoothtop Burners, Bridge Element, 2 Dual Size Elements, SpeedBoost Burner, 17 PreciseSelect Temperature Settings, Kitchen Timer and ADA Compliant: Frameless",brand-new-bosch-800-series-net8668uc-36-inch-electric-cooktop-with-5-smoothtop-burners-bridge-element-2-dual-size-elements-speedboost-burner-17-preciseselect-temperature-settings-kitchen-timer-and-ada-compliant-frameless,"This 36-inch Bosch electric cooktop features PreciseSelect®, dual elements, a countdown timer, and cleanLock.

Bridge Element: A bridge element accommodates oblong pans and many diameters of cookware.

ChildLock: Bosch cooktops take safety up a notch. The ChildLock function prevents the cooktop from being accidentally switched on.

Countdown Timer: The days of working over a hot stove are long gone, thanks to this ingenious function that allows you to pre-set a cooking time for each individual heating element. Now you can multitask in the kitchen, and the cooktop will automatically shut off individual cooking elements when their programmed time has expired.

Dual Element:  A cooktop customized to the size of your cookware, our dual element lets you save energy with a focused area for a small pot or pan and an enlarged area for a bigger pot or pan.

Heat Indicator: A light on the cooktop warns if the surface is hot due to any residual heat from the cooking vessel.

Precise Select: Juggling multiple pots and pans on different power levels can be confusing and frustrating. With PreciseSelect, an intuitive control panel allows you to select the cooking zones and set the specific power level you want – quickly and easily. Cooking on a Bosch cooktop is made simple and enjoyable.

SpeedBoost: Sometimes you don't want to wait for a pot of water to boil. The SpeedBoost function on Bosch induction cooktops adds even more power to speed up the cooking process.",https://cdn.shopify.com/s/files/1/0622/9449/1190/files/B51ACF97-011A-4620-A358-FDFD602D7A7F.png?v=1767108799|https://cdn.shopify.com/s/files/1/0622/9449/1190/files/07F18452-1388-44D0-9BC5-20F983ACEFF9.webp?v=1767109102|https://cdn.shopify.com/s/files/1/0622/9449/1190/files/94156B57-F3E4-42DA-8C26-CA6239A9B9D4.webp?v=1767109102|https://cdn.shopify.com/s/files/1/0622/9449/1190/files/3BFF76A2-02F4-4419-B0E5-A782D368902D.webp?v=1767109102|https://cdn.shopify.com/s/files/1/0622/9449/1190/files/4E90309E-FE49-4238-8A74-52A7E77E4055.webp?v=1767109102|https://cdn.shopify.com/s/files/1/0622/9449/1190/files/499075E1-B2DF-471C-9A27-83F82356E622.webp?v=1767109102|https://cdn.shopify.com/s/files/1/0622/9449/1190/files/2C21B234-1499-4C7D-B57D-BF42CC1EC265.webp?v=1767109102|https://cdn.shopify.com/s/files/1/0622/9449/1190/files/18F4F770-14DE-4D14-BD94-7141EDEA7194.webp?v=1767108798|https://cdn.shopify.com/s/files/1/0622/9449/1190/files/976AC6F0-896C-42F9-9AE1-99CD73097978.jpg?v=1767108790,brand:BOSCH|type:DISHWASHER|condition:Brand New|shopify-tag:Bosch|shopify-tag:Brand new|shopify-tag:Cooktop|collection:BRAND NEW|collection:SHOP BY BRAND,,,SHOPIFY-8126387224630-44643285762102,999.99,standard,1,true,,,8126387224630,44643285762102,1699.99
"BRAND NEW Miele (KM5840240)
30 Inch Electric Cooktop with 4 Elements, Glass Ceramic Surface, DirectSelection Plus, Residual Heat Indicators, Auto Heat-Up, Timer, Safety Turn Off, Overheating Protection, and Lock Function: 240 Volts",brand-new-miele-km5840240-30-inch-electric-cooktop-with-4-elements-glass-ceramic-surface-directselection-plus-residual-heat-indicators-auto-heat-up-timer-safety-turn-off-overheating-protection-and-lock-function-240-volts,"Description
30 Inch Electric Cooktop with 4 Elements

Designed for preparing quick, casual dinners and elaborate, gourmet meals alike, Miele cooktops blend easy-to-use temperature controls with unmatched versatility. So whether your passion is sauteing or searing, stir-frying or grilling, their cooktops provide immediate, controllable and consistent heat, while minimizing any cumbersome cleanup when dinner is finished.

The KM 5840 electric cooktop features a smooth, durable Ceran surface with 3D design and DirectSelection touch controls - providing easy cleaning and even heating. Concentric heating zones lets you mix and match the way you distribute heat to stockpots, skillets and even oblong casserole dishes, helping you create meals with the ease and efficiency that only Miele can offer.",https://cdn.shopify.com/s/files/1/0622/9449/1190/files/9C8AFBF3-9446-49E7-A62B-405F73A35214.jpg?v=1767108003|https://cdn.shopify.com/s/files/1/0622/9449/1190/files/D41B012F-42FA-4DD3-B04E-E28BE91E58E1.jpg?v=1767108003|https://cdn.shopify.com/s/files/1/0622/9449/1190/files/615961E3-8404-4762-9512-0F7DB336F7CA.jpg?v=1767108003|https://cdn.shopify.com/s/files/1/0622/9449/1190/files/975AC6F8-CD5D-4548-94B4-5CE8F44ACAF4.jpg?v=1767108003|https://cdn.shopify.com/s/files/1/0622/9449/1190/files/8BE6D50F-4C72-4C13-B442-0DC4B61F70D6.webp?v=1767108463,brand:MIELE|type:COOKTOP|condition:Brand New|shopify-tag:Brand new|shopify-tag:Cooktop|shopify-tag:MIELE|collection:BRAND NEW|collection:SHOP BY BRAND,,,SHOPIFY-8126352654390-44643248767030,1299.99,standard,1,true,,,8126352654390,44643248767030,2499.99
BRAND NEW (RF22A4221SR) Samsung - 30 inch and 22 cu. ft. 3-Door French Door Smart Refrigerator with External Water Dispenser - Stainless Steel,copia-brand-new-rf22a4221sr-samsung-22-cu-ft-3-door-french-door-smart-refrigerator-with-external-water-dispenser-stainless-steel,"Description
30 Inch Smart French Door Refrigerator with 22 Cu. Ft. Capacity

Samsung's 3-Door Smart French Door Refrigerator features an external water dispenser and an Auto Ice Maker that stores up to 6.6 lb. of ice to ensure that you have ice on hand at all times. It comes with 3-tempered glass spill-proof shelves, 2-humidity-controlled crispers, freezer drawer, and door bins to accommodate all your groceries. Its modern design and recessed handles, as well as its 22 cu. ft. of flexible storage, fit in perfectly with your kitchen. Use the Samsung SmartThings App on your smartphone to control the temperature of your refrigerator and monitor it remotely.",https://cdn.shopify.com/s/files/1/0622/9449/1190/files/DE77D5B9-26F7-4E0C-B41F-4B595D836EC6.jpg?v=1767106288|https://cdn.shopify.com/s/files/1/0622/9449/1190/files/65CEDC4B-0946-4ED4-BD05-901F6046502B.webp?v=1767106288|https://cdn.shopify.com/s/files/1/0622/9449/1190/files/0655230F-4D27-4A60-8AD7-8217BC213187.webp?v=1767106288|https://cdn.shopify.com/s/files/1/0622/9449/1190/files/6EE93061-4E76-4A9F-9CBC-E1E8BA732636.webp?v=1767106288|https://cdn.shopify.com/s/files/1/0622/9449/1190/files/E3276E75-E2D8-4A62-BD1B-31231E635266.jpg?v=1767105808,brand:SAMSUNG|type:FRIDGE|condition:Brand New|shopify-tag:Brand new|shopify-tag:fridge|shopify-tag:samsung|shopify-tag:SAMSUNG BRAND NEW|collection:BRAND NEW|collection:SAMSUNG|collection:SAMSUNG BRAND NEW|collection:SHOP BY BRAND,,,SHOPIFY-8126348886070-44643239034934,1249.99,standard,1,true,,,8126348886070,44643239034934,1799.99
BRAND NEW (RF18A5101SR) Samsung - 33 inch and 17.5 cu. ft. 3-Door French Door Counter Depth Smart Refrigerator with Twin Cooling Plus - Stainless Steel,brand-new-rf18a5101sr-samsung-33-inch-and-17-5-cu-ft-3-door-french-door-counter-depth-smart-refrigerator-with-twin-cooling-plus-stainless-steel,"Description
33 Inch French Door Smart Refrigerator with 17.5 Cu. Ft. Capacity

Clean lines and a modern design define this French door smart refrigerator by Samsung. When you open it, you'll find a beautifully designed interior with high-efficiency LED lighting along with 17.5 cu. ft. of flexible storage. Samsung's Twin Cooling keeps food fresher, longer. The tempered glass spill-proof shelves can accommodate tall and oversized items; the freezer drawer is a great place to store your commonly used frozen foods, such as ice cream, for easy access, organization, and storage. Plus, it comes with 2-humidity-controlled crispers and 6-door bins to accommodate all your groceries. It also features an automatic ice maker that stores up to 5.5 pounds of ice to ensure that you have ice on hand at all times. The EZ-Open Handle™ and a Door Alarm helps maximize food preservation and allow for easy opening and closing of a fully loaded freezer.",https://cdn.shopify.com/s/files/1/0622/9449/1190/files/CA7F7136-0F4D-4F62-8726-E6384B7CC42B.webp?v=1767105538|https://cdn.shopify.com/s/files/1/0622/9449/1190/files/138DEA26-8B5F-47AE-A264-2056120F260B.jpg?v=1767105537|https://cdn.shopify.com/s/files/1/0622/9449/1190/files/8D4961B2-C116-432D-8368-26483CD25142.jpg?v=1767105538,brand:SAMSUNG|type:FRIDGE|condition:Brand New|shopify-tag:Brand new|shopify-tag:fridge|shopify-tag:samsung|shopify-tag:SAMSUNG BRAND NEW|collection:BRAND NEW|collection:SAMSUNG|collection:SAMSUNG BRAND NEW|collection:SHOP BY BRAND,,,SHOPIFY-8126345707574-44643231596598,1099.99,standard,1,true,,,8126345707574,44643231596598,
"BRAND NEW (DW80CG5420SR) Samsung - 24"" Top Control Smart Built-In Tub Dishwasher with Storm Wash, 48 dBA - Stainless Steel",brand-new-dw80cg5420sr-samsung-24-top-control-smart-built-in-tub-dishwasher-with-storm-wash-48-dba-stainless-steel,"24 Inch Fully Integrated Dishwasher

Thoughtfully designed with features that include a durable hybrid stainless interior door and the convenience of a height-adjustable top rack, which fits items of varying size and shape. With an extra-quiet dishwasher, enjoy a peaceful kitchen - without the background noise.",https://cdn.shopify.com/s/files/1/0622/9449/1190/files/F2A5D694-578D-4683-B6F6-8FF87458B137.jpg?v=1767104616|https://cdn.shopify.com/s/files/1/0622/9449/1190/files/229AF383-81CF-431F-81E9-B388E00F7CFB.jpg?v=1767104616|https://cdn.shopify.com/s/files/1/0622/9449/1190/files/B377D53D-5643-4C3B-8216-B39C1E97D299.jpg?v=1767104616|https://cdn.shopify.com/s/files/1/0622/9449/1190/files/F6A6A747-821B-4112-A10F-B24288172917.jpg?v=1767104616,brand:SAMSUNG|type:DISHWASHER|condition:Brand New|shopify-tag:Brand new|shopify-tag:Dishwasher|shopify-tag:samsung|shopify-tag:SAMSUNG BRAND NEW|collection:BRAND NEW|collection:SAMSUNG|collection:SAMSUNG BRAND NEW|collection:SHOP BY BRAND,,,SHOPIFY-8126336368694-44643213606966,549.99,standard,1,true,,,8126336368694,44643213606966,799.99
"BRAND NEW BEKO (DUT36522X) 24"" Tall Tub Dishwasher with (15 place settings, 45)",brand-new-beko-dut36522x-24-tall-tub-dishwasher-with-15-place-settings-45,"Features

Stainless with Control Display in Pocket Handle

ENERGY STAR Most Efficient

Active Ventilation

3 position upper rack

Full 3rd Rack

15 Place Settings

EverClean Filter

CornerIntense

45 dBA

6 programs

CornerIntense - The most significant breakthrough in dishwasher technology in nearly 100 years. We call our remarkable new way of washing dishes CornerIntense.® Instead of a spray arm rotating on a fixed axis, the Beko CornerIntense® spray arm rotates on a movable axis. Jets of water continually move in more than just one fixed pattern, to completely cover every part of the dishwasher. It cleans dishes like never before, while using half the water and two-thirds the energy.

EverClean™ Filter - Cleaning the filter often gets overlooked. But not by us. New EverClean™ Filter automatically rinses the filter with pressurized water to remove food residue and debris, keeping the filter clean up to four times longer. No need to manually clean the filter as often, for continued dishwashing performance. That means more time spent enjoying brilliantly clean dishes, and less time worrying about the filter.

Exceptional Silence - Beko dishwashers are as quiet as 45 dBA. Beko dishwashers are as quiet as 45 dBA. A convenient red light shines on the floor when our ultra-quiet dishwashers are running.

Save Water, Save Energy - Our high level of performance is achieved with minimal water and energy usage, helping to keep our planet as beautiful as your dishes.",https://cdn.shopify.com/s/files/1/0622/9449/1190/files/133743C3-545E-46D2-B9EE-F14061020857.png?v=1767103778|https://cdn.shopify.com/s/files/1/0622/9449/1190/files/500EF630-3484-4834-A2CA-13BEE4E9FD6E.png?v=1767103778|https://cdn.shopify.com/s/files/1/0622/9449/1190/files/0A5B83B2-A811-40A6-910B-39F31E6B1A38.jpg?v=1767103777|https://cdn.shopify.com/s/files/1/0622/9449/1190/files/CCE761F3-78B5-4071-810C-949DDCD2B3D4.jpg?v=1767103921|https://cdn.shopify.com/s/files/1/0622/9449/1190/files/8F406D7A-0F58-4297-AD1A-DCD47D55A79F.jpg?v=1767103920|https://cdn.shopify.com/s/files/1/0622/9449/1190/files/CA3B135B-F5AC-4698-814A-6796E5D7C0E0.jpg?v=1767103920,brand:BEKO|type:DISHWASHER|condition:Brand New|shopify-tag:BEKO|shopify-tag:Brand new|shopify-tag:Dishwasher|collection:BRAND NEW|collection:SHOP BY BRAND,,,SHOPIFY-8126323916854-44643195682870,399.99,standard,1,true,,,8126323916854,44643195682870,749.99
"BRAND NEW (DDT38532XIH) Beko 24"" Top Control Dishwasher with CornerIntense and 3rd Rack - 45 dBa - Pocket Handle - Stainless Steel",brand-new-ddt38532xih-beko-24-top-control-dishwasher-with-cornerintense-and-3rd-rack-45-dba-pocket-handle-stainless-steel,"FEATURES / DESCRIPTION:

CornerIntense ® - The most significant breakthrough in dishwasher technology in nearly 100 years.

We call our remarkable new way of washing dishes CornerIntense.® Instead of a spray arm rotating on a fixed axis, the Beko CornerIntense® spray arm rotates on a movable axis. Jets of water continually move in more than just one fixed pattern, to completely cover every part of the dishwasher. It cleans dishes like never before, while using half the water and two-thirds the energy.

EverClean™ Filter - Cleaning the filter often gets overlooked. But not by us.

New EverClean™ Filter automatically rinses the filter with pressurized water to remove food residue and debris, keeping the filter clean up to four times longer. No need to manually clean the filter as often, for continued dishwashing performance. That means more time spent enjoying brilliantly clean dishes, and less time worrying about the filter.

DeepWash™ - Deep clean bottles like hands never could.

Our new DeepWash™ technology brings three water-adjustable jets that deliver increased water pressure to a dedicated wash zone. It easily handles several tall bottles or jars with narrow openings, or a larger item. Three adjustable water jets create a powerful wash zone, grippers hold items securely, and cleans narrow bottles or extra-tough pans up to 12"" deep

Exceptional Silence - Beko dishwashers are as quiet as 45 dBA.

Beko dishwashers are as quiet as 45 dBA. A convenient red light shines on the floor when our ultra-quiet dishwashers are running.

Full-size Third Rack

The removable third rack gives you extra capacity and ensures cutlery doesn't nest, while still allowing for glasses and bowls in the middle rack.

Adjustable Rack

The middle rack is height adjustable, so you can fit that oversized pasta pot on the bottom rack. No wasting gallons of water hand-washing it.

Sanitize Feature

The NSF-certified Sanitize feature ensures dishes are 99.9% hygienically clean.

Stainless steel interiors

Every Beko dishwasher has a worry-free, stainless steel tub.

ProSmart Inverter Motor

ProSmart Inverter Motor is twice as quiet as standard motors

Approximate Dimensions (Inches)

Height: 33 7/8
Width: 29 9/16
Depth: 22 7/16",https://cdn.shopify.com/s/files/1/0622/9449/1190/files/2852812E-F2D7-455C-B7D6-BFF25205341D.jpg?v=1767102041|https://cdn.shopify.com/s/files/1/0622/9449/1190/files/9AC84E61-7CB5-477D-AA9D-9777A2F00C96.jpg?v=1767102041|https://cdn.shopify.com/s/files/1/0622/9449/1190/files/C1FB7C26-F623-480A-96A6-9B1F21A80558.jpg?v=1767102041,brand:BEKO|type:DISHWASHER|condition:Brand New|shopify-tag:BEKO|shopify-tag:Brand new|shopify-tag:Dishwasher|collection:BRAND NEW|collection:SHOP BY BRAND,,,SHOPIFY-8126317822006-44643187327030,499.99,standard,1,true,,,8126317822006,44643187327030,749.99
"BRAND NEW Samsung (DW80CG4021SR) - 24” Top Control Built-In Hybrid Tub Dishwasher with Height-Adjustable Rack, 53 dBA - Stainless Steel",brand-new-samsung-dw80cg4021sr-24-top-control-built-in-hybrid-tub-dishwasher-with-height-adjustable-rack-53-dba-stainless-steel,"Description
24 Inch Fully Integrated Dishwasher

Thoughtfully designed with features that include a durable hybrid stainless interior door and the convenience of a height-adjustable top rack, which fits items of varying size and shape. With an extra-quiet dishwasher, enjoy a peaceful kitchen - without the background noise.",https://cdn.shopify.com/s/files/1/0622/9449/1190/files/3411EB5B-37D1-4D8F-986D-717A18E0C540.jpg?v=1767047867|https://cdn.shopify.com/s/files/1/0622/9449/1190/files/46102592-FBCA-4040-A2C1-3E98BA69234F.jpg?v=1767047867|https://cdn.shopify.com/s/files/1/0622/9449/1190/files/6E79AC05-9E6E-4DE8-9D72-39C0435A2E2E.jpg?v=1767047867|https://cdn.shopify.com/s/files/1/0622/9449/1190/files/D6CB936F-2B35-4578-A8DB-5B3F0CFAA09C.jpg?v=1767047867|https://cdn.shopify.com/s/files/1/0622/9449/1190/files/0937FA6B-EBD4-40C0-A88F-C1D0573A4102.jpg?v=1767047867,brand:SAMSUNG|condition:Brand New|shopify-tag:Brand new|shopify-tag:Dishwasher|shopify-tag:samsung|shopify-tag:SAMSUNG BRAND NEW|collection:BRAND NEW|collection:SAMSUNG|collection:SAMSUNG BRAND NEW|collection:SHOP BY BRAND,,,SHOPIFY-8125884792886-44641402224694,399.99,standard,1,true,,,8125884792886,44641402224694,0.00
"BRAND NEW (DW80CB545012) Samsung - 24"" Bespoke AutoRelease Dry Smart Built-In Stainless Steel Tub Dishwasher with 3rd Rack, StormWash, 46 dBA - White Glass",brand-new-dw80cb545012-samsung-24-bespoke-autorelease-dry-smart-built-in-stainless-steel-tub-dishwasher-with-3rd-rack-stormwash-46-dba-white-glass,"Description

24 Inch Fully Integrated Smart Dishwasher
Samsung's StormWash Dishwasher is packed with unique features that make it the perfect addition to any kitchen. Its StormWash system makes use of powerful rotating spray jets to clean at every angle, even extremely hard-to-reach areas, all while operating at a very low 46 dBA sound level. Its AutoRelease door drying system automatically pushes the door ajar at the end of each cycle to release steam, allowing air to circulate for a quicker dry. A 3rd rack provides more space for utensils and silverware, whereas its adjustable upper rack permits effortless cleaning for tall items.",https://cdn.shopify.com/s/files/1/0622/9449/1190/files/4703B155-4DBC-4D18-97A7-964750E8650C.webp?v=1767046425|https://cdn.shopify.com/s/files/1/0622/9449/1190/files/33EB9B56-9600-4352-A22B-1B3360399DF1.jpg?v=1767046425|https://cdn.shopify.com/s/files/1/0622/9449/1190/files/B719A415-8900-42FA-8E5B-C3FAFEC9D71B.jpg?v=1767046426|https://cdn.shopify.com/s/files/1/0622/9449/1190/files/40273323-05C7-40ED-A11A-11D012ABC317.jpg?v=1767046425|https://cdn.shopify.com/s/files/1/0622/9449/1190/files/C24502E2-3B23-4670-A482-192E5A6ABEA4.jpg?v=1767046425|https://cdn.shopify.com/s/files/1/0622/9449/1190/files/BF48259D-AA11-45CF-8A86-BC0F25AC40EE.jpg?v=1767046713,brand:SAMSUNG|type:DISHWASHER|condition:Brand New|shopify-tag:Brand new|shopify-tag:Dishwasher,,,SHOPIFY-8125882597430-44641393016886,699.99,standard,0,true,,,8125882597430,44641393016886,799.99
"BRAND NEW Samsung (DW80B6060UG) 24 Inch Fully Integrated Smart Dishwasher with 15 Place Settings, 7 Wash Cycles, Cutlery Rack, 44 dBA Sound Level, Delay Start, Digital Leak Sensor, and Energy Star Certified: Black Stainless Steel",brand-new-samsung-dw80b6060ug-24-inch-fully-integrated-smart-dishwasher-with-15-place-settings-7-wash-cycles-cutlery-rack-44-dba-sound-level-delay-start-digital-leak-sensor-and-energy-star-certified-black-stainless-steel,"Description

24 Inch Fully Integrated Smart Dishwasher
A mundane chore like washing dishes is easier and more effective with a washing system that has dual wash arms and a spray jet that blasts water at high pressure, covering all angles to clean even the dirtiest dishes. Save time and enjoy more free space with features like Smart Reorder and Pre Blast Cycle. The display shows how long a cycle normally takes to complete. As the cycle progresses, the estimated hours and minutes left will continuously update. To achieve improved drying performance the AutoRelease™ Door automatically opens at the end of the cycle to circulate air and dry dishes faster.",https://cdn.shopify.com/s/files/1/0622/9449/1190/files/E4D96303-8818-42B5-97D7-D4D336FACDDE.jpg?v=1767045600|https://cdn.shopify.com/s/files/1/0622/9449/1190/files/A18D9E8F-9874-4FDA-AF66-BE82A9FEAC74.jpg?v=1767045600|https://cdn.shopify.com/s/files/1/0622/9449/1190/files/FAD0A2CF-E67A-426E-84FB-E92A45522028.jpg?v=1767045600|https://cdn.shopify.com/s/files/1/0622/9449/1190/files/5DA0477F-E320-4BDD-8E7B-3484D646078A.jpg?v=1767045700,brand:SAMSUNG|type:DISHWASHER|condition:Brand New|shopify-tag:Brand new|shopify-tag:Dishwasher|shopify-tag:samsung|shopify-tag:SAMSUNG BRAND NEW|collection:BRAND NEW|collection:SAMSUNG|collection:SAMSUNG BRAND NEW|collection:SHOP BY BRAND,,,SHOPIFY-8125879550006-44641357332534,549.99,standard,1,true,,,8125879550006,44641357332534,749.99
BRAND NEW SAMSUNG MICROWAVE (ME21DG6700SRAA) Over-The-Range 2.1 Cu. Ft. Bespoke In Fingerprint Resistant Stainless Steel,microwave-me21dg6700sraa-samsung-over-the-range-2-1-cu-ft-bespoke-in-fingerprint-resistant-stainless-steel,"Features
Auto Connectivity
Auto Connectivity conveniently syncs your microwave and compatible range or cooktop by using the SmartThings App.* The hood fan and LED lighting will automatically turn on and off when you turn your cooktop on or off, saving you time and extra effort.*

Wi-Fi Connectivity
Connect your microwave to Wi-Fi and the SmartThings app to remotely adjust ventilation speed, lighting, and cook time right from your smartphone, and receive alerts when heating or cooking is finished.*

Auto-Dimming Glass Touch Controls
Auto-dimming glass touch controls illuminate with a simple touch when opening the door, and then dim when not in use for a clean and seamless look.

Bespoke Design
Give your kitchen a modern boost with this stylish and contemporary Bespoke design. Enhance the look of your kitchen with an elegant accent color and edge to edge glass controls that seamlessly blend into your kitchen.

2.1 Cu. Ft. Oven Capacity
The 2.1 cu. ft. capacity has plenty of room to hold larger serving sizes and prepare a variety of foods quickly and easily.

Sensor Cook
Sensor Cook takes the guesswork out of your cooking by automatically adjusting cooking time for optimal results.

400 CFM Ventilation
Extra power ventilation refreshes air quickly to remove steam and odors that result from cooking and ensures a comfortable and healthy cooking environment.

SmartThings Cooking
Enjoy a smarter way to cook with the SmartThings App*. SmartThings Cooking provides recipe recommendations and a guided cooking experience to make meal time easy.

SmartThings Energy
SmartThings lets you monitor and manage your power usage. Get energy saving tips and alerts to help lower your electric bill.*

Voice Control
Control your microwave using voice control.* With Samsung Bixby,** Amazon Alexa or Google Assistant, you can turn your microwave’s ventilation and lighting on and off with a simple command.

Fingerprint Resistant
Fingerprint resistant* for an everyday, beautiful finish.

Bespoke White Glass finish is not fingerprint resistant.

Ceramic Enamel Interior
The beautiful ceramic blue enamel interior is scratch resistant and easy to clean. This durable ceramic enamel interior provides a polished surface that’s easy to maintain. Effortlessly remove grease or oil from surfaces and protect against scratches that occur from daily use.

Eco Mode
The Eco Mode button conserves power by turning off the display when not in use, so there's no need to unplug with this energy saving microwave.

Home Dessert
The home dessert preset menu includes a wide selection of cooking options, so you can have easy sweets right at your fingertips.

 

Dimensions

Cavity Dimensions (WxHxD)
Dimensions: 22 1/8"" x 10 13/16"" x 14 7/8""

Product Dimensions (WxHxD)
Dimensions: 29 7/8"" x 17 1/16"" x 16 1/2""
Weight: 60.6 lbs

Shipping Dimensions & Weight (WxHxD)
Dimensions: 33 11/32"" x 20 13/16"" x 19 3/8""
Weight: 67.2 lbs",https://cdn.shopify.com/s/files/1/0622/9449/1190/files/1_787e8285-10df-4f37-9d73-6bbaa008e684.jpg?v=1726644582|https://cdn.shopify.com/s/files/1/0622/9449/1190/files/3_01f5508f-7384-40a9-8bad-eb0ba5d3dc57.jpg?v=1726644582|https://cdn.shopify.com/s/files/1/0622/9449/1190/files/4_ff71a14e-62d8-42ec-9df9-ee2c254bc30b.jpg?v=1726644582|https://cdn.shopify.com/s/files/1/0622/9449/1190/files/5_00d6be54-9b46-4e88-80d2-9630248fb154.jpg?v=1726644582|https://cdn.shopify.com/s/files/1/0622/9449/1190/files/6_73f84cb0-fdf9-48b5-9176-b3bf4dfd7a80.jpg?v=1726644582|https://cdn.shopify.com/s/files/1/0622/9449/1190/files/7_aa916f3a-6f34-434b-a21a-2935d7202714.jpg?v=1726644582|https://cdn.shopify.com/s/files/1/0622/9449/1190/files/8_3b5b0d4a-f906-47d8-978d-2b46ac6d8a9f.jpg?v=1726644582|https://cdn.shopify.com/s/files/1/0622/9449/1190/files/STAINLEES_STEEL_8633fb4e-36aa-48a3-93ec-30772e89d2a9.jpg?v=1726644688,brand:SAMSUNG|type:MICROWAVE|condition:Brand New|shopify-tag:microwaves|shopify-tag:samsung|shopify-tag:SAMSUNG BRAND NEW|collection:BRAND NEW|collection:MICROWAVES|collection:SAMSUNG|collection:SAMSUNG BRAND NEW,Color,Stainless Steel,MI-BR-SA-ST77,380.00,standard,1,true,https://cdn.shopify.com/s/files/1/0622/9449/1190/files/STAINLEES_STEEL_8633fb4e-36aa-48a3-93ec-30772e89d2a9.jpg?v=1726644688,,7665319084086,43060006191158,429.99
BRAND NEW SAMSUNG MICROWAVE (ME21DB630012AA) Samsung - Bespoke 2.1 Cu. Ft. Over-the-Range Microwave with Sensor Cooking and Wi-Fi Connectivity - White Glass,samsung-microwave-me21db630012aa-samsung-bespoke-2-1-cu-ft-over-the-range-microwave-with-sensor-cooking-and-wi-fi-connectivity-white-glass,"Features

 • Auto Connectivity
 • LED Display
 • SmartThings Cooking
 • Glass Touch Controls
 • Home Dessert
 • Ceramic Enamel Interior

 Wi-Fi Connectivity

 

 Convenience
• Voice-Enabled
 •  Clock (12 hr/24 hr) with 
Daylight Savings Time Adjustment
 • Reminder End Signal
 • LED Cooktop Lighting
 • Halogen Interior Lighting
 • Vent Fan Control: On/Off/Delay Off
 • Sound On/Off
 • Eco Mode

Functions

 • Kitchen Timer
 • +30 Seconds
 • Sensor Cook
 • Auto Cook
 • Keep Warm
 • Defrost

Specifications 

• Capacity: 2.1 cu.ft.
 • 400 CFM Ventilation
 • Power Output: 1000W
 • Power Consumption: 1700W

Product Dimensions (WxHxD)

 Dimensions: 297/8"" x 171/16"" x 161/2"" 
Weight: 58.0 lbs

 Shipping Dimensions & Weight (WxHxD)

 Dimensions: 3311/32"" x 2013/16"" x 193/8"" 
Weight: 64.6 lbs",https://cdn.shopify.com/s/files/1/0622/9449/1190/files/69981DF8-F037-4A64-BABD-8F3AD19D54D1.jpg?v=1767042348|https://cdn.shopify.com/s/files/1/0622/9449/1190/files/35B601AB-B209-446C-BB6B-6274680D20F6.jpg?v=1767042362|https://cdn.shopify.com/s/files/1/0622/9449/1190/files/CD106D82-2ED1-47FE-832F-8D8C99AD1526.jpg?v=1767042362|https://cdn.shopify.com/s/files/1/0622/9449/1190/files/20674445-4B51-4D7B-8556-4F00EDA271E9.jpg?v=1767042348|https://cdn.shopify.com/s/files/1/0622/9449/1190/files/A27C76A3-2BD0-4D7C-9F01-EFC50210AC51.jpg?v=1767042348,brand:SAMSUNG|type:MICROWAVE|condition:Brand New|shopify-tag:microwaves|shopify-tag:samsung|shopify-tag:SAMSUNG BRAND NEW|collection:BRAND NEW|collection:MICROWAVES|collection:SAMSUNG|collection:SAMSUNG BRAND NEW,Color,Stainless Steel,MI-BR-SA-ST08,380.00,standard,1,true,,,8125817520182,44641258930230,420.00
BRAND NEW SAMSUNG MICROWAVE (ME21DG6300SRAA) 2.1 cu. ft. Over-the-Range Microwave with Wi-Fi in Fingerprint Resistant Stainless Steel,microwave-me21dg6300sraa-2-1-cu-ft-over-the-range-microwave-with-wi-fi-in-fingerprint-resistant-stainless-steel,"Features

 • Auto Connectivity
 • LED Display
 • SmartThings Cooking
 • Glass Touch Controls
 • Home Dessert
 • Ceramic Enamel Interior

 Wi-Fi Connectivity

 

 Convenience
• Voice-Enabled
 •  Clock (12 hr/24 hr) with 
Daylight Savings Time Adjustment
 • Reminder End Signal
 • LED Cooktop Lighting
 • Halogen Interior Lighting
 • Vent Fan Control: On/Off/Delay Off
 • Sound On/Off
 • Eco Mode

Functions

 • Kitchen Timer
 • +30 Seconds
 • Sensor Cook
 • Auto Cook
 • Keep Warm
 • Defrost

Specifications 

• Capacity: 2.1 cu.ft.
 • 400 CFM Ventilation
 • Power Output: 1000W
 • Power Consumption: 1700W

Product Dimensions (WxHxD)

 Dimensions: 297/8"" x 171/16"" x 161/2"" 
Weight: 58.0 lbs

 Shipping Dimensions & Weight (WxHxD)

 Dimensions: 3311/32"" x 2013/16"" x 193/8"" 
Weight: 64.6 lbs",https://cdn.shopify.com/s/files/1/0622/9449/1190/files/1.webp?v=1725737833|https://cdn.shopify.com/s/files/1/0622/9449/1190/files/2.webp?v=1725737833|https://cdn.shopify.com/s/files/1/0622/9449/1190/files/3.webp?v=1725737833|https://cdn.shopify.com/s/files/1/0622/9449/1190/files/4.webp?v=1725737833|https://cdn.shopify.com/s/files/1/0622/9449/1190/files/6.webp?v=1725737833|https://cdn.shopify.com/s/files/1/0622/9449/1190/files/7.webp?v=1725737833|https://cdn.shopify.com/s/files/1/0622/9449/1190/files/8.webp?v=1725737833,brand:SAMSUNG|type:MICROWAVE|condition:Brand New|shopify-tag:microwaves|shopify-tag:samsung|shopify-tag:SAMSUNG BRAND NEW|collection:BRAND NEW|collection:MICROWAVES|collection:SAMSUNG|collection:SAMSUNG BRAND NEW,Color,Stainless Steel,MI-BR-SA-ST08,274.99,standard,1,true,https://cdn.shopify.com/s/files/1/0622/9449/1190/files/1.webp?v=1725737833,,7655874920502,43033141870646,420.00
BRAND NEW SAMSUNG MICROWAVE (ME19CB704112/AA) - BESPOKE Smart 1.9 cu. ft. Over-the-Range Microwave with Sensor Cook - White Glass,microwave-me19cb704112-aa-samsung-bespoke-smart-1-9-cu-ft-over-the-range-microwave-with-sensor-cook-white-glass,"This Over-the-Range microwave includes smart technology that makes microwave cooking even easier. Powerful ventilation used while cooking keeps your kitchen virtually odorless. Bespoke kitchen appliances are available in complementary colors to the Bespoke refrigerator.

Features

Bespoke Smart Over-the-Range Microwave in White Glass with a sizeable 1.9 cu. ft. capacity.

This smart microwave is Wi-Fi and voice enabled, featuring Sensor Cook technology that will automatically adjust cooking times for optimal results.

Beautifully complements other Bespoke White Glass kitchen appliances.

 

Convenience

• Eco Mode (Reduces Standby Power)
• Clock (12 hr/24 hr) with
Daylight Saving Time Adjustment
• Kitchen Timer
• End Signal
• Interior Light: Incandescent (1)
• Cooktop Lighting (Halogen): High/Low/Off
• Vent Fan Control: Boost/Hi/Mid/Lo/Off
• Child Safety Lock
• Sound On/Off

Specifications

• Oven Cavity: 1.9 cu. ft.
• Power Output: 1000W
• Power Consumption: 1700W/14.5 A
• Power Source: 120V/60 Hz
• Control Method: Glass Touch
• Display: White LED
• Cooking Control: 10 Power Levels Including
Defrost and Sensor Cook
• Cooking Timer: Digital, up to 99 Minutes, 99 Seconds
• Microwave Distribution System: Turntable
• Glass Turntable Diameter: 14 3⁄16""
• Vent Fan: 4-Speed/400 CFM
• Vent Fan Control: Boost/Hi/Mid/Lo/Off
• Cooktop Lighting: High/Low/Off
• Incandescent Interior Light

 

Product Dimensions & Weight (WxHxD)
Cavity Dimensions: 22 1/8"" x 10 13/16"" x 14 27/32""
Outside Net Dimensions: 29 7/8"" x 17 1/16"" x 16 1/2""
Weight: 60.0 lbs

Shipping Dimensions & Weight (WxHxD)
Dimensions: 33 11/32"" x 20 25/32"" x 19 3/8""
Weight: 67.2 lbs",https://cdn.shopify.com/s/files/1/0622/9449/1190/files/1_a155b43f-5275-4d9a-942b-3b27243de2a8.jpg?v=1726642495|https://cdn.shopify.com/s/files/1/0622/9449/1190/files/2_dd073795-c577-4f62-8703-cd5673680b98.jpg?v=1726642495|https://cdn.shopify.com/s/files/1/0622/9449/1190/files/3_ab2ad044-b203-4384-ad21-7c50fb198540.jpg?v=1726642495|https://cdn.shopify.com/s/files/1/0622/9449/1190/files/5_88ecfcab-c95d-4cad-a504-48f5c4113ecf.jpg?v=1726642495|https://cdn.shopify.com/s/files/1/0622/9449/1190/files/6_439a016b-1ae4-4a00-87a5-e651ffccc13d.jpg?v=1726642495|https://cdn.shopify.com/s/files/1/0622/9449/1190/files/7_cae41050-72da-4859-9d33-bace497a9e9d.jpg?v=1726642495|https://cdn.shopify.com/s/files/1/0622/9449/1190/files/8_66239e58-1077-4c71-89d0-56cb49ae7e23.jpg?v=1726642495|https://cdn.shopify.com/s/files/1/0622/9449/1190/files/9_8dde9395-e01d-4323-b742-bf6c72630015.jpg?v=1726642495,brand:SAMSUNG|type:MICROWAVE|condition:Brand New|shopify-tag:microwaves|shopify-tag:samsung|shopify-tag:SAMSUNG BRAND NEW|collection:BRAND NEW|collection:MICROWAVES|collection:SAMSUNG|collection:SAMSUNG BRAND NEW,,,MI-BR-SA-WH84,299.99,standard,1,true,,,7665311580214,43059976273974,429.99
BRAND NEW (JVM3160RFSS) GE® 1.6 Cu. Ft. Over-the-Range Microwave Oven,brand-new-jvm3160rfss-ge®-1-6-cu-ft-over-the-range-microwave-oven,"Over-the-Range Microwave Oven with 1.6 cu. ft. Capacity

This over-the-range microwave is the perfect addition to your kitchen. Featuring 10 power levels and 1,000 cooking watts, preparing your meals will be a breeze. Defrosting times and convenience features are programmed automatically or manually for optimal results. Select among several convenience cooking options including potato, popcorn, and reheat. The two-speed, 300-CFM venting system removes smoke, steam, and odors.",https://cdn.shopify.com/s/files/1/0622/9449/1190/files/109C949F-A8D8-4FEB-9771-747C7EFECA83.jpg?v=1767040801|https://cdn.shopify.com/s/files/1/0622/9449/1190/files/9663F7A0-3AAA-447D-89BF-D5CF1807D2EC.jpg?v=1767040705|https://cdn.shopify.com/s/files/1/0622/9449/1190/files/C3DCBE08-688F-4011-9EF2-DF78A4B0540E.jpg?v=1767040705|https://cdn.shopify.com/s/files/1/0622/9449/1190/files/4688741D-703B-4B03-AFAE-193961AA8C57.png?v=1767040705,brand:GENERAL ELECTRIC|condition:Brand New|shopify-tag:General electric|shopify-tag:microwaves|collection:BRAND NEW|collection:MICROWAVES|collection:SHOP BY BRAND,,,SHOPIFY-8125802086454-44641222983734,199.99,standard,1,true,,,8125802086454,44641222983734,279.99
"BRAND NEW Dacor (DMO30U970SS) - 1.1 Cu. Ft. Over-The-Range 30"" Slim Microwave with Sensor Cooking and Bar LED Lighting - Silver Stainless Steel",brand-new-dacor-dmo30u970ss-1-1-cu-ft-over-the-range-30-slim-microwave-with-sensor-cooking-and-bar-led-lighting-silver-stainless-steel,"30 Inch SLIM Over-the-Range Smart Microwave with 1.1 Cu. Ft. Capacity

Slim OTR design on the outside and powerful preset functionality, including sensor cook and auto cook, on the inside. An intelligent system monitors interior air humidity and automatically adjusts cook time and power levels. Bar LED is added to illuminate the cooking surface.",https://cdn.shopify.com/s/files/1/0622/9449/1190/files/9CA6B81F-4351-46AA-8E4E-602AE2842FED.png?v=1767040066|https://cdn.shopify.com/s/files/1/0622/9449/1190/files/E2940C95-D957-4011-BA85-374BBCBEF3BD.jpg?v=1767040065|https://cdn.shopify.com/s/files/1/0622/9449/1190/files/D7FF8656-B806-4B61-9843-38EAD66F6A44.png?v=1767040066|https://cdn.shopify.com/s/files/1/0622/9449/1190/files/1029A25F-A9CB-44CB-BDC6-577D323A7756.jpg?v=1767040066|https://cdn.shopify.com/s/files/1/0622/9449/1190/files/370D788F-BA58-4813-9EF2-BA85D362198D.png?v=1767040066,brand:The Appliances Outlet|condition:Brand New|shopify-tag:microwaves|collection:BRAND NEW|collection:MICROWAVES,,,SHOPIFY-8125788028982-44641139458102,299.99,standard,1,true,,,8125788028982,44641139458102,949.99
BRAND NEW (LWC3063ST) 1.7/4.7 cu. ft. Smart Wi-Fi Enabled Combination Double Wall Oven,brand-new-lwc3063st-1-7-4-7-cu-ft-smart-wi-fi-enabled-combination-double-wall-oven,"30 Smart Inch Combination Wall Oven with Smartthinq® Technology

 

LG presents the 30"" Combination wall oven, marrying the speed and convenience of a microwave speed oven with the precision and versatility of a convection oven. The units offer over 2 dozen cooking options between them, and is ready to tackle any task. Control all tasks with a the sleek and easy to use SmoothTouch™ glass panel controls. The WideView™ Window provides a complete view of whatever you have in the oven, and paired with halogen interior lighting makes it easy to keep an eye on your dish(es).",https://cdn.shopify.com/s/files/1/0622/9449/1190/files/7509F881-E036-43CE-AC90-C9BFF7E98EDA.jpg?v=1767029442|https://cdn.shopify.com/s/files/1/0622/9449/1190/files/072A1BA8-0C42-404A-995D-ADC5563C9515.jpg?v=1767029442|https://cdn.shopify.com/s/files/1/0622/9449/1190/files/EEF552C9-645D-4A6C-9815-C454C8D211A8.jpg?v=1767029442|https://cdn.shopify.com/s/files/1/0622/9449/1190/files/32ADB6F5-0831-40CF-8A44-C6722F162E20.jpg?v=1767029442|https://cdn.shopify.com/s/files/1/0622/9449/1190/files/BC73EEBF-CDA5-4DD7-926C-55B1D88A02BA.jpg?v=1767029442|https://cdn.shopify.com/s/files/1/0622/9449/1190/files/0D17D28F-DFCE-447D-9166-2B14611D7081.jpg?v=1767029397,brand:LG|type:OVEN|condition:Brand New|shopify-tag:lg|shopify-tag:LG BRAND NEW|shopify-tag:Oven|shopify-tag:Wall oven|collection:BRAND NEW|collection:LG|collection:LG BRAND NEW|collection:SHOP BY BRAND,,,SHOPIFY-8125578641462-44640831340598,1699.99,standard,1,true,,,8125578641462,44640831340598,2899.99
"BRAND NEW SAMSUNG MICROWAVE (NQ70M7770DS)  30"" Microwave Combination Wall Oven",microwave-nq70m7770ds-30-microwave-combination-wall-oven,"Signature Features

 Steam Cook (Oven)
 •  Delivers moisture at precise times for a crisp, browned outside  
and tender inside.

 Speed Cook (Microwave)
 •  Cook food faster and more evenly by using power convection. 

Flex Duo™ (Oven)
 •  Cook two dishes at different temperatures simultaneously 
with the Smart Divider.

 

 Features

Digital-Analog Controls
 •  1.9/5.1 cu. ft. Capacity
 •  Hybrid Clean and Self-Clean (Oven)
 •  Gourmet Cook (Oven)
 •   Dual Convection (Oven)
 •   Wi-Fi Connectivity
 •  Wi-Fi Enabled Temperature Probe (Oven)
 •  LED Spotlights (Oven)
 •  Easy View Window
 •   3 Heavy-Duty Racks including  
a Gliding Rack (Oven)

•  Ceramic Plate (Microwave)
 •  Rapid Preheat (Oven)
 •  Auto Latch Microwave Door
 •   6 Oven Modes including  
Steam Bake and Steam Roast
 •  Blue LED Illuminated Knobs
 •  Broil Element
 •   Smart Control Key (Oven)
 •  6 Rack Positions (Oven)
 •  Drop-Down Door Design
 •  LCD Display

 

Convenience
•  Hidden Heating Element (Oven)
 •  Sabbath Mode (Oven)
 •  Delay Start (Oven)
 •  Proofing (Oven)
 •  Warming Mode (Oven)
 •  Kitchen Timer
 •  Child Safety Lock
 •  Convection Conversion

 

 Total Capacity: 
1.9/5.1 cu. ft.
 • Microwave: 1.9 cu. ft.
 • Wall Oven: 5.1 cu. ft. total, 2.8/2.2 cu. ft.
 • Hidden Bake Element
 • Bake: 175°F–550°F
 • Convection Bake: 175°F–550°F
 • Convection Roast: 175°F–550°F
 • Broil: Low-High
 • Steam Bake: 230°F–550°F
 • Steam Roast: 230°F–550°F
 • Proofing
 • Sabbath Mode

 

Product Dimensions & Weight (WxHxD)

 Outside (Max) Combination Oven Dimensions: 
297/8"" x 431/4"" x 2511/16""  

Combination Oven Cut-Out Dimensions: 
281/2"" x 421/4"" x 231/2"" 
Weight: 262.4 lbs.

 Shipping Dimensions & Weight (WxHxD)

 Dimensions: 
335/8"" x 483/16"" x 2951/64"" 
Weight: 291.1 lbs.",https://cdn.shopify.com/s/files/1/0622/9449/1190/files/1_6fc53214-77f2-42ad-978c-41684c859d16.webp?v=1725739173|https://cdn.shopify.com/s/files/1/0622/9449/1190/files/2_27e04814-b4b7-4ea1-9298-4a69e453e4cc.webp?v=1725739173|https://cdn.shopify.com/s/files/1/0622/9449/1190/files/3_6596ba50-190f-4279-8963-cb3297a8c3ae.webp?v=1725739173|https://cdn.shopify.com/s/files/1/0622/9449/1190/files/4_9de66afc-e128-47a7-b0d3-1d5fd1a3a2dd.webp?v=1725739173|https://cdn.shopify.com/s/files/1/0622/9449/1190/files/5.webp?v=1725739173|https://cdn.shopify.com/s/files/1/0622/9449/1190/files/6_f7efbda1-9007-4bee-9a13-570356d25ca7.webp?v=1725739173|https://cdn.shopify.com/s/files/1/0622/9449/1190/files/7_331cecd6-1aa0-4e74-b2a6-83fb68992d73.webp?v=1725739173|https://cdn.shopify.com/s/files/1/0622/9449/1190/files/8_a38a5ee4-7fae-4ada-9326-b0f40a228606.webp?v=1725739173|https://cdn.shopify.com/s/files/1/0622/9449/1190/files/STAINLEES_STEEL.jpg?v=1725739127,brand:SAMSUNG|type:MICROWAVE|condition:Brand New|shopify-tag:microwaves|shopify-tag:samsung|shopify-tag:SAMSUNG BRAND NEW|collection:BRAND NEW|collection:MICROWAVES|collection:SAMSUNG|collection:SAMSUNG BRAND NEW,Color,Stainless Steel,MI-BR-SA-ST86,1799.99,standard,1,true,https://cdn.shopify.com/s/files/1/0622/9449/1190/files/1_6fc53214-77f2-42ad-978c-41684c859d16.webp?v=1725739173,,7655875706934,43033154224182,2899.99
"BRAND NEW SAMSUNG (NSE6DG8700SR) 30 Inch Slide-In Electric Smart Range with 5 Elements, 6.3 cu. ft. Convection+ Oven, Express Boil™, Warming Zone, Storage Drawer, Air Fry, Self & Steam Clean, and ADA Compliant: Stainless Steel",samsung-bespoke-nse6dg8700sr-30-slide-in-electric-smart-range,"The Samsung BESPOKE NSE6DG8700SR offers advanced cooking technology with elegant design. Featuring a 6.3 cu. ft. Convection+ oven, 5 powerful burners, and Smart Oven Camera, it transforms your kitchen into a connected and versatile cooking space.

Key Features:

Bespoke Design: Minimalist, modern style with recessed handle.

Smart Oven Camera: Monitor cooking and share time-lapse videos via SmartThings app.

Wi-Fi & Voice Control: Works with Alexa, Google Home, and SmartThings.

Illuminated Precision Knobs: Easily see when burners are on.

5 Burners + Warming Zone: Includes 3,600W Express Boil and flexible dual/triple elements.

6.3 cu. ft. Convection+ Oven: Bake, roast, air fry, and proof with precision.

Air Fry Technology: Healthier meals with no preheat required.

Steam & Self Clean: Choose between high heat or steam cleaning.

ADA Compliant: Accessible and user-friendly.

Specifications:

Dimensions (W x H x D): 29 15/16"" x 36 1/4"" x 27 7/8""

Capacity: 6.3 cu. ft.

Cooktop: Smoothtop Ceramic, 5 burners + warming zone

Burner Outputs: 3,600W (Express Boil), 3,000W, 1,200W (x2), 100W (warming)

Oven Modes: Bake, Convection Bake/Roast, Broil (Low/High), Proof, Keep Warm

Connectivity: Wi-Fi, SmartThings app, voice-enabled

Finish: Fingerprint Resistant Stainless Steel",https://cdn.shopify.com/s/files/1/0622/9449/1190/files/2174BFB8-D01E-4362-AC8C-92C8AC3D4CB5.jpg?v=1767026756|https://cdn.shopify.com/s/files/1/0622/9449/1190/files/88708920-35C6-4B4A-BCDF-10A2E33E97F0.jpg?v=1767026756|https://cdn.shopify.com/s/files/1/0622/9449/1190/files/nse6dg8700sr_03_dimensions65f2d7567d43f5.webp?v=1767026756|https://cdn.shopify.com/s/files/1/0622/9449/1190/files/nse6dg8700sr_ready2fit_pc65f2d76971f675.webp?v=1767026756|https://cdn.shopify.com/s/files/1/0622/9449/1190/files/nse6dg8700sr_05_rcom65de6809cb3475.webp?v=1767026756,brand:SAMSUNG|type:STOVE|condition:Brand New|shopify-tag:samsung|shopify-tag:stove|collection:BRAND NEW|collection:SAMSUNG|collection:STOVES,,,NSE6DG8700SR,1099.99,standard,1,true,,,7948036014134,44146548047926,1799.99
"BRAND NEW SAMSUNG STOVE (NE63A6311SS) - 6.3 cu. ft. Freestanding Electric  Range with Rapid Boil, WiFi & Self Clean -  Stainless Steel",brand-new-samsung-stove-ne63a6511ss-6-3-cu-ft-freestanding-electric-range-with-rapid-boil-wifi-self-clean-stainless-steel,"Signature Features

 Large Oven Capacity
 •  This large 6.3 cu. ft. oven can fit multiple dishes at one time.

 Rapid Boil™

                            •  Boil water fast with the 3300 W Rapid Boil™ burner.                                                                      
Easy to Clean
 •  Self and Steam Clean keep your oven spotless. The hidden  bake element 
makes cleaning your oven easy with a seamless cavity interior.

 

 Features

 • Stainless Steel Design
 • Large Oven Capacity – 6.3 cu. ft.
 • Rapid Boil™ 3300 W 
•  Extra Oven Settings - Bread Proof, Favorite Cook, Keep Warm
 • Storage Drawer

 • Flexible Cooktop: 
Five Burner Cooktop

- Two Dual Ring Burners (6""/9"")

- Two Single Burners (6"")

- Warming Center

 Convenience

 • Wi-Fi Connectivity

• Voice-Enabled

 • SmartThings Cooking
 • Self & Steam Clean
 • Hidden Bake Element
 • Sabbath Mode
 • Child Safety Lock
 • Delay Start
 • Auto Oven Light
 • Kitchen Timer",https://cdn.shopify.com/s/files/1/0622/9449/1190/files/9.jpg?v=1767026388|https://cdn.shopify.com/s/files/1/0622/9449/1190/files/2_2cad09a0-7430-4a33-84d2-e699e5d8e220.jpg?v=1767026388|https://cdn.shopify.com/s/files/1/0622/9449/1190/files/1_d7abbe3a-704b-4c5b-9420-1b0bb4e859b2.jpg?v=1767026388|https://cdn.shopify.com/s/files/1/0622/9449/1190/files/4.jpg?v=1767026388|https://cdn.shopify.com/s/files/1/0622/9449/1190/files/5.jpg?v=1767026388|https://cdn.shopify.com/s/files/1/0622/9449/1190/files/6.jpg?v=1767026388|https://cdn.shopify.com/s/files/1/0622/9449/1190/files/7.jpg?v=1767026388|https://cdn.shopify.com/s/files/1/0622/9449/1190/files/8.jpg?v=1767026388|https://cdn.shopify.com/s/files/1/0622/9449/1190/files/10_441ea07d-5a53-4dff-a5a6-4cb025880a8d.jpg?v=1767026388|https://cdn.shopify.com/s/files/1/0622/9449/1190/files/11.jpg?v=1767026388|https://cdn.shopify.com/s/files/1/0622/9449/1190/files/STAINLEES_STEEL_5522a5bb-67aa-4721-9eb7-910fd010aef8.jpg?v=1767027507|https://cdn.shopify.com/s/files/1/0622/9449/1190/files/5AFD9AAE-154F-4C06-8B88-0C5E3225E537.jpg?v=1767026388,brand:SAMSUNG|type:STOVE|condition:Brand New|shopify-tag:samsung|shopify-tag:SAMSUNG BRAND NEW|shopify-tag:stove|collection:BRAND NEW|collection:SAMSUNG|collection:SAMSUNG BRAND NEW|collection:STOVES,Color,Stainlees Steel,ST-BR-SA-ST96,599.99,standard,1,true,https://cdn.shopify.com/s/files/1/0622/9449/1190/files/1_d7abbe3a-704b-4c5b-9420-1b0bb4e859b2.jpg?v=1767026388,,8125504061494,44640731594806,899.99
"BRAND NEW SAMSUNG STOVE (NE63A6511SS) - 30 Inch Freestanding Electric Smart Range with Air fryer and 5 Smoothtop Elements, 6.3 Cu. Ft. Capacity -  Stainless Steel",stove-ne63a6311ss-aa-samsung-6-3-cu-ft-freestanding-electric-range-with-rapid-boil-wifi-self-clean-stainless-steel,"30 Inch Freestanding Electric Smart Range with 5 Smoothtop Elements

Samsung Electric Smart Range offers a total capacity of 6.3 Cubic Feet, 5 smoothtop elements with a rapid boil burner, double ring burner, and warming center. This electric range is Wi-Fi connected and voice-enabled, making it easy to make delicious meals for your family. You can preheat, monitor, and adjust your oven's cooking time and temperature right from your smartphone through the SmartThings app, or control your oven with your favorite virtual assistant, whether it's Bixby, Google Assistant & Amazon Alexa. It also provides a range of convenient features to make cooking and cleaning easier such as powerful convection, No Pre-heat Air Fry, Self + Steam Clean, Hidden Bake Element, Sabbath Mode, Auto Oven Light, Child Safety Lock, and Extra Oven Settings - Bread Proof, Dehydrate, Favorite Cook, Keep Warm.",https://cdn.shopify.com/s/files/1/0622/9449/1190/files/36ADE794-8FEE-4049-AAB8-AEE45CE59C3D.jpg?v=1767026388|https://cdn.shopify.com/s/files/1/0622/9449/1190/files/BA232948-B55A-4078-8D73-E94B35ABF0DB.jpg?v=1767026388|https://cdn.shopify.com/s/files/1/0622/9449/1190/files/8AF3082C-DF81-4454-AADB-6FC394DB933F.jpg?v=1767026388|https://cdn.shopify.com/s/files/1/0622/9449/1190/files/8D72D68B-9DC1-43AF-B4D1-382E49E80841.jpg?v=1767026388|https://cdn.shopify.com/s/files/1/0622/9449/1190/files/5AFD9AAE-154F-4C06-8B88-0C5E3225E537.jpg?v=1767026388|https://cdn.shopify.com/s/files/1/0622/9449/1190/files/9.jpg?v=1767026388|https://cdn.shopify.com/s/files/1/0622/9449/1190/files/2_2cad09a0-7430-4a33-84d2-e699e5d8e220.jpg?v=1767026388|https://cdn.shopify.com/s/files/1/0622/9449/1190/files/1_d7abbe3a-704b-4c5b-9420-1b0bb4e859b2.jpg?v=1767026388|https://cdn.shopify.com/s/files/1/0622/9449/1190/files/4.jpg?v=1767026388|https://cdn.shopify.com/s/files/1/0622/9449/1190/files/5.jpg?v=1767026388|https://cdn.shopify.com/s/files/1/0622/9449/1190/files/6.jpg?v=1767026388|https://cdn.shopify.com/s/files/1/0622/9449/1190/files/7.jpg?v=1767026388|https://cdn.shopify.com/s/files/1/0622/9449/1190/files/8.jpg?v=1767026388|https://cdn.shopify.com/s/files/1/0622/9449/1190/files/10_441ea07d-5a53-4dff-a5a6-4cb025880a8d.jpg?v=1767026388|https://cdn.shopify.com/s/files/1/0622/9449/1190/files/11.jpg?v=1767026388|https://cdn.shopify.com/s/files/1/0622/9449/1190/files/STAINLEES_STEEL_5522a5bb-67aa-4721-9eb7-910fd010aef8.jpg?v=1767027507,brand:SAMSUNG|type:STOVE|condition:Brand New|shopify-tag:samsung|shopify-tag:SAMSUNG BRAND NEW|shopify-tag:stove|collection:BRAND NEW|collection:SAMSUNG|collection:SAMSUNG BRAND NEW|collection:STOVES,Color,Stainlees Steel,ST-BR-SA-ST96,699.99,standard,1,true,https://cdn.shopify.com/s/files/1/0622/9449/1190/files/1_d7abbe3a-704b-4c5b-9420-1b0bb4e859b2.jpg?v=1767026388,,7655876624438,43033161957430,899.99
BRAND NEW SAMSUNG STOVE (NE63T8711SG) 6.3 cu ft. Smart Slide-in Electric  Range with Smart Dial & Air Fry in Black Stainless Stee,brand-new-samsung-stove-ne63t8711sg-6-3-cu-ft-smart-slide-in-electric-range-with-smart-dial-air-fry-in-black-stainless-stee,"Signature Features

 Smart Dial
 •  The new Smart Dial simplifies oven settings in a single dial 
and intuitively learns based on your cooking preferences.

 Air Fry
 •  Cooking just got healthier* with new Air Fry mode.. Using little 
to no oil, you can quickly prepare your favorite fried foods right 
in your oven. Air Fry tray included.
 As compared to deep frying.

 Convection
 •  Powerful convection saves you time by cooking food fast and more evenly. 
Perfect for baking and roasting.

Features

 • Smart Dial
 • Air Fry, Tray Included
 • Convection
 • Illuminated Knobs
 • Fingerprint Resistant Finish
 • 3600 W Express Boil™
 • Large Oven Capacity – 6.3 cu. ft.
 • Ready2Fit™ Guarantee
 • Temperature Probe
 • Storage Drawer

•   Flexible Cooktop:

 Five Element Cooktop

One Triple Element (6""/9""/12"")

One Double Element (6""/9"") 

Two Single Elements (6"")

Warming Center

 

 Convenience

 • Wi-Fi Connectivity 
• Voice-Enabled
 • Convection Auto Conversion
 • Self & Steam Clean
 • Hidden Bake Element
 • Child Safety Lock
 • Delay Start
 • Auto Oven Light
 • Kitchen Timer
 • Sabbath Mode",https://cdn.shopify.com/s/files/1/0622/9449/1190/files/49AB3A39-81D3-41A7-BA17-4F4C9649842F.webp?v=1767023473|https://cdn.shopify.com/s/files/1/0622/9449/1190/files/6DFBB438-2751-4F4D-8B65-C3E05698B459.jpg?v=1767023473|https://cdn.shopify.com/s/files/1/0622/9449/1190/files/7BE07234-6ADD-44AB-9088-8DEC921255EB.jpg?v=1767023473|https://cdn.shopify.com/s/files/1/0622/9449/1190/files/576FB190-0CBD-43C5-9882-84EAE8E4F660.jpg?v=1767023473|https://cdn.shopify.com/s/files/1/0622/9449/1190/files/9F0EEFD3-333F-46C9-BAE4-8599F1D1CF8F.jpg?v=1767023474|https://cdn.shopify.com/s/files/1/0622/9449/1190/files/FF125BF9-30AF-42E0-A8C5-821032BFCD8E.jpg?v=1767023473,brand:SAMSUNG|type:STOVE|condition:Brand New|shopify-tag:samsung|shopify-tag:SAMSUNG BRAND NEW|shopify-tag:stove|collection:BRAND NEW|collection:SAMSUNG|collection:SAMSUNG BRAND NEW|collection:STOVES,Color,Black Stainless  Steel,ST-BR-SA-ST85,999.99,standard,1,true,,,8125434691638,44640555270198,2204.99
BRAND NEW SAMSUNG STOVE (NE63T8711SS) 6.3 cu ft. Smart Slide-in Electric  Range with Smart Dial & Air Fry in  Stainless Stee,stove-ne63t8711ss-aa-samsung6-3-cu-ft-smart-slide-in-electric-range-with-smart-dial-air-fry-in-stainless-stee,"Signature Features

 Smart Dial
 •  The new Smart Dial simplifies oven settings in a single dial 
and intuitively learns based on your cooking preferences.

 Air Fry
 •  Cooking just got healthier* with new Air Fry mode.. Using little 
to no oil, you can quickly prepare your favorite fried foods right 
in your oven. Air Fry tray included.
 As compared to deep frying.

 Convection
 •  Powerful convection saves you time by cooking food fast and more evenly. 
Perfect for baking and roasting.

Features

 • Smart Dial
 • Air Fry, Tray Included
 • Convection
 • Illuminated Knobs
 • Fingerprint Resistant Finish
 • 3600 W Express Boil™
 • Large Oven Capacity – 6.3 cu. ft.
 • Ready2Fit™ Guarantee
 • Temperature Probe
 • Storage Drawer

•   Flexible Cooktop:

 Five Element Cooktop

One Triple Element (6""/9""/12"")

One Double Element (6""/9"") 

Two Single Elements (6"")

Warming Center

 

 Convenience

 • Wi-Fi Connectivity 
• Voice-Enabled
 • Convection Auto Conversion
 • Self & Steam Clean
 • Hidden Bake Element
 • Child Safety Lock
 • Delay Start
 • Auto Oven Light
 • Kitchen Timer
 • Sabbath Mode",https://cdn.shopify.com/s/files/1/0622/9449/1190/files/1_54205510-c3f6-44e1-bc5c-bc30fe0dcc84.webp?v=1725834886|https://cdn.shopify.com/s/files/1/0622/9449/1190/files/4_72ca578f-4bf5-4f56-96f5-3f3dd7a61016.webp?v=1725834886|https://cdn.shopify.com/s/files/1/0622/9449/1190/files/5_31f2b825-a20f-41ce-ac7a-cf4e8d1df8d7.webp?v=1725834886|https://cdn.shopify.com/s/files/1/0622/9449/1190/files/9.webp?v=1725834886|https://cdn.shopify.com/s/files/1/0622/9449/1190/files/6_84a1a4a0-537b-41ab-8655-cfdf5590a755.webp?v=1725834886|https://cdn.shopify.com/s/files/1/0622/9449/1190/files/2_9bdce56e-6161-4b9e-87af-75a0b936edd5.webp?v=1725834886,brand:SAMSUNG|type:STOVE|condition:Brand New|shopify-tag:samsung|shopify-tag:SAMSUNG BRAND NEW|shopify-tag:stove|collection:BRAND NEW|collection:SAMSUNG|collection:SAMSUNG BRAND NEW|collection:STOVES,Color,Stainless  Steel,ST-BR-SA-ST85,999.99,standard,1,true,,,7656100298806,43034418642998,2204.99
"BRAND NEW (NSE6DB870012) Samsung BESPOKE 30"" Slide-In Electric Smart Range",brand-new-nse6db870012-samsung-bespoke-30-slide-in-electric-smart-range,"30 Inch Slide-In Electric Smart Range with 5 Elements
Samsung's Smart Electric Range features an integrated Smart Oven Camera that lets you monitor your food closely and make and share time-lapse videos to your social media to show off your culinary skills.* Illuminated Precision Knobs let you know if your cooktop is on from a distance and precisely control your cooktop. This range's Bespoke design with a recessed handle will seamlessly blend into your kitchen for an elegant and minimalist look. This Electric Range features Wi-Fi Connectivity and is voice-enabled, giving you the tools you need to simplify your cooking experience in the kitchen.",https://cdn.shopify.com/s/files/1/0622/9449/1190/files/15D04CFA-4228-488F-B0C7-9225DA399771.jpg?v=1767022712|https://cdn.shopify.com/s/files/1/0622/9449/1190/files/IMG-0400.webp?v=1767022712|https://cdn.shopify.com/s/files/1/0622/9449/1190/files/61B98EF3-7F14-46AC-920A-F31E6B97E84E.jpg?v=1767022712|https://cdn.shopify.com/s/files/1/0622/9449/1190/files/nse6dg8700sr_ready2fit_pc65f2d76971f675.webp?v=1767026756|https://cdn.shopify.com/s/files/1/0622/9449/1190/files/nse6dg8700sr_05_rcom65de6809cb3475.webp?v=1767026756|https://cdn.shopify.com/s/files/1/0622/9449/1190/files/DB4E2BF2-6C0C-4663-BE7D-E11F4C44AAA8.jpg?v=1767022712|https://cdn.shopify.com/s/files/1/0622/9449/1190/files/66D9EF79-F71E-4A27-853B-B7A89677E029.jpg?v=1767022712|https://cdn.shopify.com/s/files/1/0622/9449/1190/files/0B7E22EA-2970-4E53-B1D1-05A1AC5F1ED6.jpg?v=1767022712|https://cdn.shopify.com/s/files/1/0622/9449/1190/files/551BBFE3-5153-4CAD-AC29-06A00B73D03E.jpg?v=1767022712|https://cdn.shopify.com/s/files/1/0622/9449/1190/files/41B03993-074D-4FE9-AEF4-783F4D1A3FFF.jpg?v=1767022712,brand:SAMSUNG|type:STOVE|condition:Brand New|shopify-tag:samsung|shopify-tag:stove|collection:BRAND NEW|collection:SAMSUNG|collection:STOVES,,,NSE6DG8700SR,1099.99,standard,1,true,,,8125390553142,44640499892278,2449.99
BRAND NEW SAMSUNG STOVE (NE63T8511SG) - 6.3 cu. ft. Front Control Slide-in  Electric Range with Air Fry & Wi-Fi,stove-ne63a6311sg-aa-samsung-6-3-cu-ft-freestanding-electric-range-with-rapid-boil-wifi-self-clean-black-stainless-steel,"Signature Features

 Large Oven Capacity
 •  This large 6.3 cu. ft. oven can fit multiple dishes at one time.

 Rapid Boil™

                            •  Boil water fast with the 3300 W Rapid Boil™ burner.                                                                      
Easy to Clean
 •  Self and Steam Clean keep your oven spotless. The hidden  bake element 
makes cleaning your oven easy with a seamless cavity interior.

 

 Features

 • Stainless Steel Design
 • Large Oven Capacity – 6.3 cu. ft.
 • Rapid Boil™ 3300 W 
•  Extra Oven Settings - Bread Proof, Favorite Cook, Keep Warm
 • Storage Drawer

 • Flexible Cooktop: 
Five Burner Cooktop

- Two Dual Ring Burners (6""/9"")

- Two Single Burners (6"")

- Warming Center

 Convenience

 • Wi-Fi Connectivity

• Voice-Enabled

 • SmartThings Cooking
 • Self & Steam Clean
 • Hidden Bake Element
 • Sabbath Mode
 • Child Safety Lock
 • Delay Start
 • Auto Oven Light
 • Kitchen Timer",https://cdn.shopify.com/s/files/1/0622/9449/1190/files/1_abec858f-6b32-413f-8215-43cb214fe5ab.webp?v=1725833120|https://cdn.shopify.com/s/files/1/0622/9449/1190/files/2_6d265fec-1829-4c07-a3a7-fa288a7e50ce.webp?v=1725833120|https://cdn.shopify.com/s/files/1/0622/9449/1190/files/3_60b63389-72dd-4669-8773-b49c7ffa9bb0.webp?v=1725833120|https://cdn.shopify.com/s/files/1/0622/9449/1190/files/4_d6d65c8b-6563-49cc-bcb3-663fb8041bf5.webp?v=1725833120|https://cdn.shopify.com/s/files/1/0622/9449/1190/files/5_7a68c4e7-11c5-4b42-9434-7ed2807fb51d.webp?v=1725833120|https://cdn.shopify.com/s/files/1/0622/9449/1190/files/6_97f5c20f-16da-44a1-aafc-a3a9f29e197f.webp?v=1725833120|https://cdn.shopify.com/s/files/1/0622/9449/1190/files/7_04b8f277-7bab-4f2a-822e-92d4d2679d75.webp?v=1725833120|https://cdn.shopify.com/s/files/1/0622/9449/1190/files/BLACK_STAINLESS_STEEL_1e81ec3b-6d5a-4113-ab4f-d66801c834a0.jpg?v=1725833516,brand:SAMSUNG|type:STOVE|condition:Brand New|shopify-tag:samsung|shopify-tag:SAMSUNG BRAND NEW|shopify-tag:stove|collection:BRAND NEW|collection:SAMSUNG|collection:SAMSUNG BRAND NEW|collection:STOVES,Color,Black Stainless Steel,ST-BR-SA-BL47,699.99,standard,1,true,https://cdn.shopify.com/s/files/1/0622/9449/1190/files/1_abec858f-6b32-413f-8215-43cb214fe5ab.webp?v=1725833120,,7656098168886,43034403864630,949.99
BRAND NEW SAMSUNG STOVE (NE63T8511SS) 6.3 cu. ft. Front Control Slide-in  Electric Range with Air Fry & Wi-Fi,ne63t8511ss-aa-samsung-6-3-cu-ft-front-control-slide-in-electric-range-with-air-fry-wi-fi,"Signature Features

 Air Fry

 •  Cooking just got healthier with new Air Fry mode.* Using little to no oil, 
you can quickly prepare your favorite fried foods right in your oven.
 *Air Fry tray included.

 Convection

 •  Powerful convection saves you time by cooking food faster and more evenly. 
Perfect for baking and roasting.
 

Fingerprint Resistant Finish
 •  Fingerprint-resistant smudge-free finish for an everyday beautiful appearance.

Features

 • Air Fry
 • Fingerprint Resistant Finish
 • Large Oven Capacity – 6.3 cu. ft.
 • Rapid Boil™ – 3300W Element
 • Glass Touch Controls
 • Ready2Fit™ Guarantee
 • Storage Drawer

 Power Source
 240V/208V/60 Hz/40A

Product Dimensions & Weight (WxHxD)

 Oven Interior Dimensions: 
2413/16"" x 227/16"" x 193/4""
 Outside Net Dimensions: 
2915/16"" x 36-363/4"" (Adjustable) x 2811/16""
 Weight: 174 lbs

 Shipping Dimensions & Weight (WxHxD)

 Dimensions: 
331/16"" x 413/4"" x 305/16""
 Weight: 194 lbs",https://cdn.shopify.com/s/files/1/0622/9449/1190/files/1_54766a8e-3a73-4194-8c4d-5605ebdb8282.jpg?v=1725741859|https://cdn.shopify.com/s/files/1/0622/9449/1190/files/2_903f1b7d-41c9-4371-9f88-22307d5a11ee.jpg?v=1725741859|https://cdn.shopify.com/s/files/1/0622/9449/1190/files/3_b7bf1e0e-e7b4-429f-9092-ed81ee0904f9.jpg?v=1725741860|https://cdn.shopify.com/s/files/1/0622/9449/1190/files/4_806b94db-4d32-41d5-bade-e48aca3ca7d8.jpg?v=1725741859|https://cdn.shopify.com/s/files/1/0622/9449/1190/files/5_2f82d4df-3d93-4303-8c9d-8d1e91ed1a3c.jpg?v=1725741860|https://cdn.shopify.com/s/files/1/0622/9449/1190/files/6_09ad57e6-597a-407c-98a4-4f590f2679e8.jpg?v=1725741860|https://cdn.shopify.com/s/files/1/0622/9449/1190/files/6B6FDBA0-6AB2-4C27-9711-DFBE2B0CB488.jpg?v=1767027507|https://cdn.shopify.com/s/files/1/0622/9449/1190/files/STAINLEES_STEEL_5522a5bb-67aa-4721-9eb7-910fd010aef8.jpg?v=1767027507,brand:SAMSUNG|type:STOVE|condition:Brand New|shopify-tag:samsung|shopify-tag:SAMSUNG BRAND NEW|shopify-tag:stove|collection:BRAND NEW|collection:SAMSUNG|collection:SAMSUNG BRAND NEW|collection:SHOP BY BRAND|collection:STOVES,Color,Stainlees Steel,ST-BR-SA-ST54,699.99,standard,1,true,https://cdn.shopify.com/s/files/1/0622/9449/1190/files/1_54766a8e-3a73-4194-8c4d-5605ebdb8282.jpg?v=1725741859,,7655878885430,43033179422774,949.99
